Workbook

Sheet Deligate_List
A1: OSMEC-ID | B1: FULL NAME | C1: institute | D1: event_category | E1: event_category1
A2: OSMEC-0004 | B2: MOHAMMED ABDUR RAHMAN | C2: Deccan College of Medical Sciences
A3: OSMEC-0005 | B3: QAZI SYED ABDULLAH | C3: Apollo Institute of Medical Sciences | D3: Case Presentation|349 | E3: Medquiz|40 Dare to Diagnose|40 Medventure|40
A4: OSMEC-0025 | B4: VULUVAPALLE SUROHAN REDDY | C4: Mediciti Institute Of Medical Sciences
A5: OSMEC-0006 | B5: Diya s bhandary | C5: Malla Reddy Institute Of Medical Sciences
A6: OSMEC-0009 | B6: S SADAF SUHANA AFROZE | C6: Dr VRK Womens Medical College | D6: Case Presentation|349 Medical Symposium|499
A7: OSMEC-0007 | B7: Nithin Kumar Punia | C7: Mediciti Institute Of Medical Sciences | D7: Case Presentation|349 | E7: Medquiz|40
A8: OSMEC-0016 | B8: Sri Sanjana Gunturi | C8: MNR Medical College | D8: Case Presentation|349
A9: OSMEC-0013 | B9: ABDUL RIYAAN AHMED | C9: Shadan Institute of Medical Sciences | D9: Medical Symposium|499
A10: OSMEC-0008 | B10: SUHAS KAVALI | C10: Kamineni Academy of Medical Sciences | D10: Case Presentation|349 | E10: Invictus|20
A11: OSMEC-0012 | B11: KASI ALEKHYA SRI | C11: Malla Reddy Medical College for Women | D11: Poster Presentation|349
A12: OSMEC-0023 | B12: Arshi Ameena Khan | C12: Dr VRK Womens Medical College | E12: Graphilia|20
A13: OSMEC-0011 | B13: SAFA MOHIUDDIN | C13: Deccan College of Medical Sciences | E13: Art Attack|20
A14: OSMEC-0010 | B14: PREETHAM GUPTHA | C14: Malla Reddy Institute of Medical Sciences | D14: Medical Symposium|499
A15: OSMEC-0014 | B15: SYEDA MAARIYA QUADRI | C15: Malla Reddy Medical College for Women | D15: Case Presentation|349 Medical Symposium|499
A16: OSMEC-0015 | B16: Abdus Sami Munquad | C16: Government Medical College, Siddipet | D16: Case Presentation|349 | E16: Medquiz|40 Medventure|40
A17: OSMEC-0017 | B17: DAANYA ATHAULLAH KHAN | C17: Deccan College of Medical Sciences | D17: Medical Symposium|499
A18: OSMEC-0018 | B18: PUPPALA VENKATA RATNA ANANTHA SAI NARAYANA | C18: NRI Medical College, Guntur | D18: Case Presentation|349 | E18: Invictus|20
A19: OSMEC-0019 | B19: HEVANSH KOTLA | C19: Maheshwara Medical College
A20: OSMEC-0020 | B20: MOHAMMED MUBASHEER ALI | C20: Kamineni Academy of Medical Sciences | E20: Medquiz|40 Dare to Diagnose|40 Shutter Medics|20 Medventure|40
A21: OSMEC-0021 | B21: C. HARI CHANDANA | C21: Dr Patnam Mahender Reddy Institute of Medical Sciences | D21: Case Presentation|349
A22: OSMEC-0042 | B22: DIGVIJAY DHUMAL | C22: Bhaskar Medical College | E22: Medquiz|40 Dare to Diagnose|40 Shutter Medics|20 Medventure|40
A23: OSMEC-0026 | B23: MEGHNA RAGHURAMAN | C23: Prathima Institute Of Medical Sciences | E23: Dare to Diagnose|40
A24: OSMEC-0024 | B24: Emily Justine Beera | C24: Apollo Institute of Medical Sciences | D24: Case Presentation|349
A25: OSMEC-0022 | B25: REVA SADDI | C25: Apollo Institute of Medical Sciences | D25: Case Presentation|349 | E25: Graphilia|20 Medventure|40
A26: OSMEC-0027 | B26: BHAMIDIPATI V S S S KAUSHIK | C26: Prathima Institute Of Medical Sciences | D26: Medical Symposium|499 | E26: Medquiz|40 Dare to Diagnose|40 Debate|40 Medventure|40
A27: OSMEC-0033 | B27: SNIGDHADEVASANI | C27: Government Medical College, Mahbubnagar
A28: OSMEC-0029 | B28: FURKHAN UMER AHMED | C28: Apollo Institute of Medical Sciences
A29: OSMEC-0037 | B29: FATIMA QUADIR | C29: Bhaskar Medical College | E29: Medquiz|40 Dare to Diagnose|40 Shutter Medics|20 Medventure|40
A30: OSMEC-0030 | B30: MOHTASHIM IDREES AKHTAR | C30: Deccan College of Medical Sciences | D30: Medical Symposium|499
A31: OSMEC-0031 | B31: POOJA KADARI | C31: Mallareddy Medical College | D31: Poster Presentation|349 | E31: Art Attack|20 Shutter Medics|20 Debate|40 Graphilia|20
A32: OSMEC-0028 | B32: ANVITHA DENDI | C32: Kamineni Institute of Medical Sciences Narketpally | D32: Case Presentation|349 Poster Presentation|349 | E32: Art Attack|20 Graphilia|20 Invictus|20
A33: OSMEC-0081 | B33: SOBIYA JHOZI MOHIUDDIN | C33: Deccan College of Medical Sciences
A34: OSMEC-0032 | B34: MOKUGU SHONITH | C34: Chalmeda Medical College Karimnagar | D34: Case Presentation|349 | E34: Debate|40
A35: OSMEC-0244 | B35: HASINI NANCHERI | C35: Prathima relief institute of medical sciences
A36: OSMEC-0034 | B36: BENJARAM NAVANEETH REDDY | C36: Prathima Institute of medical sciences
A37: OSMEC-0039 | B37: KHUSHI SHARMA | C37: Prathima Institute Of Medical Sciences | D37: Case Presentation|349 Medical Symposium|499 | E37: Medquiz|40 Shutter Medics|20
A38: OSMEC-0038 | B38: MANDADI ANNIE BENEDICTA | C38: Government Medical College, Nizamabad | D38: Case Presentation|349
A39: OSMEC-0041 | B39: MUHAMMAD ASHAZ HUSSAIN | C39: Deccan College of Medical Sciences
A40: OSMEC-0245 | B40: SYEDA KHADIJA ABBAS | C40: Shadan Institute of Medical Sciences | D40: Poster Presentation|349 Medical Symposium|499
A41: OSMEC-0055 | B41: QURRAT UL AYEN | C41: Shadan Institute of Medical Sciences
A42: OSMEC-0043 | B42: SHAIK NADEEM | C42: Ayaan Institute of Medical Sciences Kanaka Mamidi
A43: OSMEC-0036 | B43: AYESHA UNISSA | C43: Shadan institute of medical sciences | D43: Poster Presentation|349 | E43: Medquiz|40 Dare to Diagnose|40 Invictus|20 Medventure|40
A44: OSMEC-0035 | B44: ASNA MALIK | C44: Dr VRK Womens Medical College | D44: Medical Symposium|499
A45: OSMEC-0040 | B45: Lakshmi Manasa Veeranki | C45: Mediciti Institute Of Medical Sciences | D45: Medical Symposium|499
A46: OSMEC-0046 | B46: Mohammad Zia Ur Rahman | C46: deccan college of medical sciences | D46: Case Presentation|349
A47: OSMEC-0246 | B47: UMME NASHRAH | C47: Deccan College of Medical Sciences | D47: Case Presentation|349 Poster Presentation|349
A48: OSMEC-0056 | B48: SAI MADHURYA NARAYANAM | C48: Mamata Academy of Medical Sciences Bachupally | D48: Case Presentation|349 | E48: Medquiz|40 Dare to Diagnose|40
A49: OSMEC-0044 | B49: JONNADA VISHAL | C49: SVS Medical College
A50: OSMEC-0247 | B50: MUDASSIR SHIRAAZI | C50: Arundathi Institute Of Medical Sciences
A51: OSMEC-0045 | B51: LEKHANA BHASHYAM | C51: RVM Medical College Medak | D51: Case Presentation|349 Poster Presentation|349
A52: OSMEC-0047 | B52: KODATI YASHASREE | C52: Apollo Institute of Medical Sciences | D52: Case Presentation|349
A53: OSMEC-0248 | B53: zainab fatima | C53: Shadan Institute of Medical Sciences | D53: Poster Presentation|349
A54: OSMEC-0051 | B54: SEEMA AZAM | C54: Deccan College of Medical Sciences | D54: Case Presentation|349
A55: OSMEC-0250 | B55: SOFIYA FATIMA | C55: Shadan institute of medical sciences | D55: Poster Presentation|349
A56: OSMEC-0048 | B56: HARSHA VARDHAN ALAGARI | C56: Prathima Institute Of Medical Sciences | D56: Poster Presentation|349 Medical Symposium|499
A57: OSMEC-0251 | B57: SYED REHAN HYDER ABEDI | C57: Mediciti Institute Of Medical Sciences | D57: Case Presentation|349
A58: OSMEC-0080 | B58: ALA VENKATA AKHILESH | C58: Kamineni Institute of Medical Sciences Narketpally
A59: OSMEC-0049 | B59: Vuttlapally Surendhar Chowdhary | C59: Prathima Institute Of Medical Sciences | D59: Poster Presentation|349
A60: OSMEC-0053 | B60: MOHD DANISH SALEEm | C60: Apollo Institute of Medical Sciences | E60: Medquiz|40 Dare to Diagnose|40 Art Attack|20 Shutter Medics|20 Debate|40 Graphilia|20 Invictus|20 Medventure|40
A61: OSMEC-0052 | B61: FIZZAH SHADAB | C61: Institute of Postgraduate Medical Education & Research, Kolkata | D61: Case Presentation|349 Poster Presentation|349
A62: OSMEC-0059 | B62: SHAZIA FIRDOUS | C62: Ayaan institute of medical sciences
A63: OSMEC-0058 | B63: BHAVYA POTLURI | C63: Prathima Institute of medical sciences | D63: Poster Presentation|349
A64: OSMEC-0252 | B64: SYEDA AMINA FATIMA | C64: Dr VRK Womens Medical College | E64: Invictus|20
A65: OSMEC-0050 | B65: AMENA SIDDIQUI | C65: Shadan Institute of Medical Sciences | D65: Poster Presentation|349 | E65: Art Attack|20 Shutter Medics|20 Graphilia|20 Invictus|20
A66: OSMEC-0253 | B66: VARAGANTI VAMSHI | C66: Prathima Institute of Medical Sciences | D66: Case Presentation|349 Paper Presentation|349 Medical Symposium|499
A67: OSMEC-0057 | B67: SRI VARDHAN PYATA | C67: MNR Medical College | E67: Graphilia|20
A68: OSMEC-0542 | B68: SABHAVATH HARI KRISHNA | C68: Government Medical College, Siddipet | D68: Medical Symposium|499
A69: OSMEC-0061 | B69: MEENU UPPULA | C69: Kakatiya Medical College, Warangal | D69: Case Presentation|349
A70: OSMEC-0054 | B70: OMAR ABDULLAH SYED ZAKIR | C70: Deccan College of Medical Sciences | D70: Poster Presentation|349
A71: OSMEC-0254 | B71: AARTHI AESHAM | C71: Kakatiya Medical College, Warangal | D71: Case Presentation|349
A72: OSMEC-0255 | B72: ADNAN ZUBAIR BAGHAZAL | C72: Ayaan Institute of Medical Sciences Kanaka Mamidi | D72: Poster Presentation|349
A73: OSMEC-0063 | B73: HAMSINI PECHARA | C73: Apollo Institute of Medical Sciences | D73: Case Presentation|349
A74: OSMEC-0256 | B74: MOHAMMED AFNAAN AHMED | C74: Deccan College of Medical Sciences | D74: Medical Symposium|499
A75: OSMEC-0257 | B75: GOUNI RUTHIKA REDDY | C75: Malla Reddy Medical College for Women | D75: Case Presentation|349
A76: OSMEC-0258 | B76: ANJUM SULTANA | C76: Deccan College of Medical Sciences
A77: OSMEC-0060 | B77: SYEDA AMINA ZOHA | C77: Ayaan Institute of Medical Sciences Kanaka Mamidi | D77: Poster Presentation|349
A78: OSMEC-0259 | B78: POOJITHA REDDY | C78: Maheshwara Medical College Chitkul
A79: OSMEC-0260 | B79: SAMPREETH VUPPARI | C79: Government Medical College,Siddipet | D79: Medical Symposium|499
A80: OSMEC-0062 | B80: FAIZA NOOR BAIG | C80: Ayaan institute of medical sciences | D80: Case Presentation|349 Poster Presentation|349 | E80: Art Attack|20
A81: OSMEC-0261 | B81: Vennela Lingampally | C81: Malla Reddy Institute Of Medical Sciences | D81: Poster Presentation|349 | E81: Medquiz|40 Debate|40
A82: OSMEC-0262 | B82: K Sai sandhya | C82: Kamineni Institute of Medical Sciences Narketpally | D82: Case Presentation|349
A83: OSMEC-0695 | B83: NIKHIL JANARDHAN ENDURI | C83: Apollo Institute of Medical Sciences | D83: Case Presentation|349 | E83: Debate|40
A84: OSMEC-0073 | B84: WAFIYAH AHMED | C84: Malla Reddy Medical College for Women | D84: Case Presentation|349 Medical Symposium|499
A85: OSMEC-0070 | B85: IFRA TABASSUM SIDDIQUI | C85: Government Medical College, Siddipet
A86: OSMEC-0071 | B86: DEEKSHA MAHESHKAR | C86: Gandhi Medical College | D86: Case Presentation|349 Paper Presentation|349 Poster Presentation|349 | E86: Debate|40
A87: OSMEC-0065 | B87: ZOHAIR AHMED | C87: Deccan College of Medical Sciences | D87: Poster Presentation|349
A88: OSMEC-0459 | B88: MOHAMMED OMER | C88: Deccan College of Medical Sciences | D88: Medical Symposium|499
A89: OSMEC-0263 | B89: MANCHALA VRISHANK | C89: Government Medical College, Nagarkurnool | D89: Case Presentation|349 Poster Presentation|349 | E89: Medquiz|40 Dare to Diagnose|40 Debate|40 Medventure|40
A90: OSMEC-0823 | B90: KIRANMAI ACHINTALA | C90: Apollo Institute of Medical Sciences | D90: Case Presentation|349
A91: OSMEC-0064 | B91: Praneeth Reddy Eluri | C91: Gandhi Medical College | D91: Case Presentation|349
A92: OSMEC-0067 | B92: S A Tarun Kumar | C92: Gandhi Medical College | D92: Case Presentation|349 Poster Presentation|349 | E92: Dare to Diagnose|40
A93: OSMEC-0072 | B93: Raja Rashmitha Konala | C93: Mallareddy medical college for women
A94: OSMEC-0265 | B94: PERISETLA SARAYU | C94: MNR Medical College
A95: OSMEC-0066 | B95: MOHMED SADIYA FATIMA | C95: Shadan institute of medical sciences
A96: OSMEC-0068 | B96: PARUPALLI SREETULYA | C96: Mamatha Academy of Medical Sciences | D96: Case Presentation|349 Paper Presentation|349 | E96: Medquiz|40 Dare to Diagnose|40
A97: OSMEC-0266 | B97: ROHAN NARAHARI | C97: Apollo Institute of Medical Sciences | D97: Case Presentation|349 | E97: Debate|40 Graphilia|20 Invictus|20
A98: OSMEC-0069 | B98: KRISHNA PRIYA TATIKONDA | C98: Mediciti Institute Of Medical Sciences | D98: Medical Symposium|499 | E98: Invictus|20
A99: OSMEC-0086 | B99: JAHNAVI M DESAI | C99: NRI Medical College, Guntur | D99: Case Presentation|349 Poster Presentation|349
A100: OSMEC-0267 | B100: AYESHA RAHMAN | C100: Institute of Postgraduate Medical Education & Research, Kolkata | D100: Case Presentation|349 Poster Presentation|349
...

Sheet Workshop
A1: WORKSHOP | B1: LOCATION | C1: WorkshopID
A2: Arterial Blood Gas Analysis | B2: 4TH FLOOR, ACADEMIC BLOCK | C2: W001
A3: Basic Life Support | B3: 6TH FLOOR, ACADEMIC BLOCK | C3: W002
A4: Basic Surgical Skills | B4: SURGERY LECTURE HALL, MAIN BUILDING | C4: W003
A5: Cardiology | B5: 5TH FLOOR, ACADEMIC BLOCK | C5: W004
A6: Emergency and Trauma Care | B6: 4TH FLOOR, ACADEMIC BLOCK | C6: W005
A7: Forensic Medicine | B7: 1ST FLOOR, DEPARTMENT OF FORENSIC MEDICINE, MAIN BUILDING | C7: W006
A8: Imaging and Radiology | B8: 5TH FLOOR, ACADEMIC BLOCK | C8: W007
A9: Obstetrics and Neonatology | B9: 3RD FLOOR, ACADEMIC BLOCK | C9: W008
A10: Pulmonology | B10: 2ND FLOOR, ACADEMIC BLOCK | C10: W009
A11: Research Methodology | B11: GROUND FLOOR, MAIN BUILDING, DEPARTMENT OF COMMUNITY MEDICINE | C11: W010
A12: Simwar | B12: COLLEGE LIBRARY, MAIN BUILDING | C12: W011
... A14: Synergy in Diagnosis | B14: Department of Pathology, Main Building, First Floor. | C14: W013

Sheet Events
A1: EVENT | B1: EVENT_NAME | C1: LOCATION | D1: EVENTID
A2: Day_1_EVENT_1 | B2: Inaugration Ceremony with the Chief Guest | C2: AUDITORIUM | D2: E001
A3: Day_1_EVENT_2 | B3: Registration Check-In | C3: ACADEMIC BLOCK PARKING | D3: E002
A4: Day_1_EVENT_3 | B4: Case Presentation | C4: SURGERY LECTURE HALL 1,SURGERY LECTURE HALL 2,BIOCHEM LECTURE HALL | D4: E003
A5: Day_1_EVENT_4 | B5: Medical Symposium Prelims | C5: AUDITORIUM | D5: E004
A6: Day_2_EVENT_1 | B6: Registration Check-In | C6: ACADEMIC BLOCK PARKING | D6: E005
A7: Day_2_EVENT_2 | B7: Case Presentation | C7: ACADEMIC BLOCK 3RD FLOOR, 4TH FLOOR, 5TH FLOOR, 6TH FLOOR | D7: E006
A8: Day_2_EVENT_3 | B8: Paper Presentation | C8: SPM LECTURE HALL, BIOCHEM LECTURE HALL, SURGERY LECTURE HALL, FORENSIC MEDICINE LECTURE HALL | D8: E007
A9: Day_2_EVENT_4 | B9: Poster Presentation | C9: ACADEMIC BLOCK 2ND FLOOR ROOM 1, 2ND FLOOR ROOM 2 | D9: E008
A10: Day_2_EVENT_5 | B10: Medical Symposium Prelims | C10: AUDITORIUM | D10: E009
A11: Day_2_EVENT_6 | B11: Debate Prelims | C11: 3RD FLOOR | D11: E010
A12: Day_2_EVENT_7 | B12: Medventure | C12: MEDVENTURE | D12: E011
... A25: Day_3_EVENT_8 | B25: Valedictory Ceremony | C25: AUDITORIUM | D25: E024

Sheet Subjects
A1: SUBJECT | B1: SUBJECT_NAME | C1: LOCATION | D1: SubjectID
A2: Day_1_Event_3_Subject_1 | B2: OPTHALMOLOGY | C2: SURGERY LECTURE HALL 1 | D2: S001
A3: Day_1_Event_3_Subject_1 | B3: GENERAL MEDICINE 1 | C3: SURGERY LECTURE HALL 2 | D3: S002
A4: Day_1_Event_3_Subject_1 | B4: GENERAL MEDICINE 2 | C4: BIOCHEMISTRY LECTURE HALL | D4: S003
A5: Day_2_Event_2_Subject_1 | B5: DERMATOLOGY | C5: ACADEMIC BLOCK 3RD FLOOR | D5: S004
A6: Day_2_Event_2_Subject_1 | B6: GENERAL SURGERY | C6: ACADEMIC BLOCK 4TH FLOOR | D6: S005
A7: Day_2_Event_2_Subject_1 | B7: GENERAL MEDICINE 3 | C7: ACADEMIC BLOCK 4TH FLOOR | D7: S006
A8: Day_2_Event_2_Subject_1 | B8: ORTHOPAEDICS | C8: ACADEMIC BLOCK 5TH FLOOR | D8: S007
A9: Day_2_Event_2_Subject_1 | B9: ENT | C9: ACADEMIC BLOCK 5TH FLOOR | D9: S008
A10: Day_2_Event_2_Subject_1 | B10: OBGYN | C10: ACADEMIC BLOCK 6TH FLOOR | D10: S009
A11: Day_2_Event_3_Subject_1 | B11: SESSION 1 | C11: SPM LECTURE HALL | D11: S010
A12: Day_2_Event_3_Subject_1 | B12: SESSION 2 | C12: FORENSIC LECTURE HALL | D12: S011
... A21: Day_3_Event_3_Subject_1 | B21: POSTERS SESSION 2 | C21: ACADEMIC BLOCK 2ND FLOOR ROOM 2 | D21: S020

Sheet Days
A1: DAYID | B1: DAY
A2: D001 | B2: 1
A3: D002 | B3: 2
A4: D003 | B4: 3

Sheet Final
A1: OSMEC-ID | B1: FULL NAME | C1: WORKSHOP | D1: DAY_1_EVENT_1 | E1: DAY_1_EVENT_2 | F1: DAY_1_EVENT_3 | G1: DAY_1_EVENT_4 | H1: Day_2_EVENT_1 | I1: DAY_2_EVENT_2 | J1: DAY_2_EVENT_3 | K1: DAY_2_EVENT_4 | L1: DAY_2_EVENT_5 | M1: DAY_2_EVENT_6 | N1: DAY_2_EVENT_7 | O1: DAY_2_EVENT_8 | P1: DAY_2_EVENT_9 | Q1: DAY_2_EVENT_10 | R1: DAY_2_EVENT_11 | S1: DAY_2_EVENT_12 | T1: Day_3_EVENT_1 | U1: DAY_3_EVENT_2 | V1: DAY_3_EVENT_3 | W1: DAY_3_EVENT_4 | X1: DAY_3_EVENT_5 | Y1: DAY_3_EVENT_6 | Z1: DAY_3_EVENT_7 | AA1: Day_1_Event_3_Subject_1 | AB1: Day_2_Event_2_Subject_1 | AC1: Day_2_Event_3_Subject_1 | AD1: Day_2_Event_4_Subject_1 | AE1: Day_3_Event_2_Subject_1 | AF1: Day_3_Event_3_Subject_1
A2: =Deligate_List!A2 -> OSMEC-0004 | B2: =VLOOKUP(A2,Deligate_List!A:B,2,FALSE) -> MOHAMMED ABDUR RAHMAN | C2: =IFERROR( VLOOKUP( VLOOKUP($A2,'[1]OSMEC ID + WORKSHOP'!$A:$B,2,FALSE),Workshop!A:C,3,FALSE),"") -> W001 | D2: =IF($D$1 =Events!$A$2, VLOOKUP( VLOOKUP($A2,'[2]OSMEC ID + EVENT'!$A:$E,2,FALSE),Events!$B:$D,3,FALSE)) -> E001 | E2: =IF(E$1=Events!$A$3, VLOOKUP( VLOOKUP($A2,'[2]OSMEC ID + EVENT'!$A:$E,3,FALSE),Events!$B:$D,3,FALSE)) -> E002 | F2: =IF($F$1=Events!$A$4, VLOOKUP( VLOOKUP($A4,'[2]OSMEC ID + EVENT'!$A:$E,4,FALSE),Events!$B:$D,3,FALSE),) -> E003 | G2: =IF($G$1=Events!$A$5, VLOOKUP( VLOOKUP($A4,'[2]OSMEC ID + EVENT'!$A:$E,5,FALSE),Events!$B:$D,3,FALSE),) -> E004 | H2: =IF($H$1= VLOOKUP($H$1,Events!$A:$D,1,FALSE), VLOOKUP( VLOOKUP($A2,'[3]OSMEC ID + EVENT'!$A:$M,2,FALSE),Events!$B:$D,3,FALSE),) -> E005 | I2: =IF(I$1= VLOOKUP(I$1,Events!$A:$D,1,FALSE), VLOOKUP( VLOOKUP($A2,'[3]OSMEC ID + EVENT'!$A:$M,3,FALSE),Events!$B:$D,3,FALSE),) -> E006 | J2: =IF(J$1= VLOOKUP(J$1,Events!$A:$D,1,FALSE), VLOOKUP( VLOOKUP($A2,'[3]OSMEC ID + EVENT'!$A:$M,4,FALSE),Events!$B:$D,3,FALSE),) -> E007 | K2: =IF(K$1= VLOOKUP(K$1,Events!$A:$D,1,FALSE), VLOOKUP( VLOOKUP($A2,'[3]OSMEC ID + EVENT'!$A:$M,5,FALSE),Events!$B:$D,3,FALSE),) -> E008 | L2: =IF(L$1= VLOOKUP(L$1,Events!$A:$D,1,FALSE), VLOOKUP( VLOOKUP($A2,'[3]OSMEC ID + EVENT'!$A:$M,6,FALSE),Events!$B:$D,3,FALSE),) -> E009 | M2: =IF(M$1= VLOOKUP(M$1,Events!$A:$D,1,FALSE), VLOOKUP( VLOOKUP($A2,'[3]OSMEC ID + EVENT'!$A:$M,7,FALSE),Events!$B:$D,3,FALSE),) -> E010 | N2: =IF(N$1= VLOOKUP(N$1,Events!$A:$D,1,FALSE), VLOOKUP( VLOOKUP($A2,'[3]OSMEC ID + EVENT'!$A:$M,8,FALSE),Events!$B:$D,3,FALSE),) -> E011 | O2: =IF(O$1= VLOOKUP(O$1,Events!$A:$D,1,FALSE), VLOOKUP( VLOOKUP($A2,'[3]OSMEC ID + EVENT'!$A:$M,9,FALSE),Events!$B:$D,3,FALSE),) -> E012 | P2: =IF(P$1= VLOOKUP(P$1,Events!$A:$D,1,FALSE), VLOOKUP( VLOOKUP($A2,'[3]OSMEC ID + EVENT'!$A:$M,10,FALSE),Events!$B:$D,3,FALSE),) -> E013 | Q2: =IF(Q$1= VLOOKUP(Q$1,Events!$A:$D,1,FALSE), VLOOKUP( VLOOKUP($A2,'[3]OSMEC ID + EVENT'!$A:$M,11,FALSE),Events!$B:$D,3,FALSE),) -> E014 | R2: =IF(R$1= VLOOKUP(R$1,Events!$A:$D,1,FALSE), VLOOKUP( VLOOKUP($A2,'[3]OSMEC ID + EVENT'!$A:$M,12,FALSE),Events!$B:$D,3,FALSE),) -> E015 | S2: =IF(S$1= VLOOKUP(S$1,Events!$A:$D,1,FALSE), VLOOKUP( VLOOKUP($A2,'[3]OSMEC ID + EVENT'!$A:$M,13,FALSE),Events!$B:$D,3,FALSE),) -> E016 | T2: =IF(T$1= VLOOKUP(T$1,Events!$A:$D,1,FALSE), VLOOKUP( VLOOKUP($A2,'[4]OSMEC ID + EVENT'!$A:$I,2,FALSE),Events!$B:$D,3,FALSE),) -> E017 | U2: =IF( ISNA(MATCH(U$1,Events!$A:$A,0)), 0, VLOOKUP( VLOOKUP($A2,'[4]OSMEC ID + EVENT'!$A:$I,3,FALSE),Events!$B:$D,3,FALSE)) -> E018 | V2: =IF( ISNA(MATCH(V$1,Events!$A:$A,0)), 0, VLOOKUP( VLOOKUP($A2,'[4]OSMEC ID + EVENT'!$A:$I,4,FALSE),Events!$B:$D,3,FALSE)) -> E019 | W2: =IF( ISNA(MATCH(W$1,Events!$A:$A,0)), 0, VLOOKUP( VLOOKUP($A2,'[4]OSMEC ID + EVENT'!$A:$I,5,FALSE),Events!$B:$D,3,FALSE)) -> E020 | X2: =IF( ISNA(MATCH(X$1,Events!$A:$A,0)), 0, VLOOKUP( VLOOKUP($A2,'[4]OSMEC ID + EVENT'!$A:$I,6,FALSE),Events!$B:$D,3,FALSE)) -> E021 | Y2: =IF( ISNA(MATCH(Y$1,Events!$A:$A,0)), 0, VLOOKUP( VLOOKUP($A2,'[4]OSMEC ID + EVENT'!$A:$I,7,FALSE),Events!$B:$D,3,FALSE)) -> E022 | Z2: =IF( ISNA(MATCH(Z$1,Events!$A:$A,0)), 0, VLOOKUP( VLOOKUP($A2,'[4]OSMEC ID + EVENT'!$A:$I,8,FALSE),Events!$B:$D,3,FALSE)) -> E023 | AA2: =IFERROR( VLOOKUP( VLOOKUP(A2,'[5]OSMEC ID + SUBJECT'!$A:$B,2,FALSE),Subjects!$B:$D,3,FALSE),"") | AB2: =IFERROR( VLOOKUP( VLOOKUP(A2,'[6]OSMEC ID + SUBJECT'!$A:$B,2,FALSE),Subjects!B:D,3,FALSE),"") | AC2: =IFERROR( VLOOKUP( VLOOKUP(A2,'[7]OSMEC-ID + SESSION'!$A:$B,2,FALSE),Subjects!$B:$D,3,FALSE),"") | AD2: =IFERROR( VLOOKUP( VLOOKUP(A2,'[8]OSMEC ID + SESSION'!$A:$B,2,FALSE),Subjects!$B:$D,3,FALSE),"") | AE2: =IFERROR( VLOOKUP( VLOOKUP(A2,'[9]OSMEC ID + SUBJECT'!$A:$B,2,FALSE),Subjects!$B:$D,3,FALSE),"") | AF2: =IFERROR( VLOOKUP( VLOOKUP(A2,'[10]OSMEC ID + SESSION'!$A:$B,2,FALSE),Subjects!$B:$D,3),"")
A3: =Deligate_List!A3 -> OSMEC-0005 | B3: =VLOOKUP(A3,Deligate_List!A:B,2,FALSE) -> QAZI SYED ABDULLAH | C3: =IFERROR( VLOOKUP( VLOOKUP($A3,'[1]OSMEC ID + WORKSHOP'!$A:$B,2,FALSE),Workshop!A:C,3,FALSE),"") -> W002 | D3: =IF($D$1 =Events!$A$2, VLOOKUP( VLOOKUP($A3,'[2]OSMEC ID + EVENT'!$A:$E,2,FALSE),Events!$B:$D,3,FALSE)) -> E001 | E3: =IF(E$1=Events!$A$3, VLOOKUP( VLOOKUP($A3,'[2]OSMEC ID + EVENT'!$A:$E,3,FALSE),Events!B:D,3,FALSE)) -> E002 | F3: =IF($F$1=Events!$A$4, VLOOKUP( VLOOKUP($A5,'[2]OSMEC ID + EVENT'!$A:$E,4,FALSE),Events!B:D,3,FALSE),) -> E003 | G3: =IF($G$1=Events!$A$5, VLOOKUP( VLOOKUP($A5,'[2]OSMEC ID + EVENT'!$A:$E,5,FALSE),Events!$B:$D,3,FALSE),) -> E004 | H3: =IF($H$1= VLOOKUP($H$1,Events!$A:$D,1,FALSE), VLOOKUP( VLOOKUP(A3,'[3]OSMEC ID + EVENT'!$A:$M,2,FALSE),Events!B:D,3,FALSE),) -> E005 | I3: =IF(I$1= VLOOKUP(I$1,Events!$A:$D,1,FALSE), VLOOKUP( VLOOKUP($A3,'[3]OSMEC ID + EVENT'!$A:$M,3,FALSE),Events!$B:$D,3,FALSE),) -> E006 | J3: =IF(J$1= VLOOKUP(J$1,Events!$A:$D,1,FALSE), VLOOKUP( VLOOKUP($A3,'[3]OSMEC ID + EVENT'!$A:$M,4,FALSE),Events!$B:$D,3,FALSE),) -> E007 | K3: =IF(K$1= VLOOKUP(K$1,Events!$A:$D,1,FALSE), VLOOKUP( VLOOKUP($A3,'[3]OSMEC ID + EVENT'!$A:$M,5,FALSE),Events!$B:$D,3,FALSE),) -> E008 | L3: =IF(L$1= VLOOKUP(L$1,Events!$A:$D,1,FALSE), VLOOKUP( VLOOKUP($A3,'[3]OSMEC ID + EVENT'!$A:$M,6,FALSE),Events!$B:$D,3,FALSE),) -> E009 | M3: =IF(M$1= VLOOKUP(M$1,Events!$A:$D,1,FALSE), VLOOKUP( VLOOKUP($A3,'[3]OSMEC ID + EVENT'!$A:$M,7,FALSE),Events!$B:$D,3,FALSE),) -> E010 | N3: =IF(N$1= VLOOKUP(N$1,Events!$A:$D,1,FALSE), VLOOKUP( VLOOKUP($A3,'[3]OSMEC ID + EVENT'!$A:$M,8,FALSE),Events!$B:$D,3,FALSE),) -> E011 | O3: =IF(O$1= VLOOKUP(O$1,Events!$A:$D,1,FALSE), VLOOKUP( VLOOKUP($A3,'[3]OSMEC ID + EVENT'!$A:$M,9,FALSE),Events!$B:$D,3,FALSE),) -> E012 | P3: =IF(P$1= VLOOKUP(P$1,Events!$A:$D,1,FALSE), VLOOKUP( VLOOKUP($A3,'[3]OSMEC ID + EVENT'!$A:$M,10,FALSE),Events!$B:$D,3,FALSE),) -> E013 | Q3: =IF(Q$1= VLOOKUP(Q$1,Events!$A:$D,1,FALSE), VLOOKUP( VLOOKUP($A3,'[3]OSMEC ID + EVENT'!$A:$M,11,FALSE),Events!$B:$D,3,FALSE),) -> E014 | R3: =IF(R$1= VLOOKUP(R$1,Events!$A:$D,1,FALSE), VLOOKUP( VLOOKUP($A3,'[3]OSMEC ID + EVENT'!$A:$M,12,FALSE),Events!$B:$D,3,FALSE),) -> E015 | S3: =IF(S$1= VLOOKUP(S$1,Events!$A:$D,1,FALSE), VLOOKUP( VLOOKUP($A3,'[3]OSMEC ID + EVENT'!$A:$M,13,FALSE),Events!$B:$D,3,FALSE),) -> E016 | T3: =IF( ISNA(MATCH(T$1,Events!$A:$A,0)), 0, VLOOKUP( VLOOKUP(A3,'[4]OSMEC ID + EVENT'!$A:$I,2,FALSE),Events!$B:$D,3,FALSE)) -> E017 | U3: =IF( ISNA(MATCH(U$1,Events!$A:$A,0)), 0, VLOOKUP( VLOOKUP($A3,'[4]OSMEC ID + EVENT'!$A:$I,3,FALSE),Events!$B:$D,3,FALSE)) -> E018 | V3: =IF( ISNA(MATCH(V$1,Events!$A:$A,0)), 0, VLOOKUP( VLOOKUP($A3,'[4]OSMEC ID + EVENT'!$A:$I,4,FALSE),Events!$B:$D,3,FALSE)) -> E019 | W3: =IF( ISNA(MATCH(W$1,Events!$A:$A,0)), 0, VLOOKUP( VLOOKUP($A3,'[4]OSMEC ID + EVENT'!$A:$I,5,FALSE),Events!$B:$D,3,FALSE)) -> E020 | X3: =IF( ISNA(MATCH(X$1,Events!$A:$A,0)), 0, VLOOKUP( VLOOKUP($A3,'[4]OSMEC ID + EVENT'!$A:$I,6,FALSE),Events!$B:$D,3,FALSE)) -> E021 | Y3: =IF( ISNA(MATCH(Y$1,Events!$A:$A,0)), 0, VLOOKUP( VLOOKUP($A3,'[4]OSMEC ID + EVENT'!$A:$I,7,FALSE),Events!$B:$D,3,FALSE)) -> E022 | Z3: =IF( ISNA(MATCH(Z$1,Events!$A:$A,0)), 0, VLOOKUP( VLOOKUP($A3,'[4]OSMEC ID + EVENT'!$A:$I,8,FALSE),Events!$B:$D,3,FALSE)) -> E023 | AA3: =IFERROR( VLOOKUP( VLOOKUP(A3,'[5]OSMEC ID + SUBJECT'!$A:$B,2,FALSE),Subjects!$B:$D,3,FALSE),"") | AB3: =IFERROR( VLOOKUP( VLOOKUP(A3,'[6]OSMEC ID + SUBJECT'!$A:$B,2,FALSE),Subjects!B:D,3,FALSE),"") -> S006 | AC3: =IFERROR( VLOOKUP( VLOOKUP(A3,'[7]OSMEC-ID + SESSION'!$A:$B,2,FALSE),Subjects!$B:$D,3,FALSE),"") | AD3: =IFERROR( VLOOKUP( VLOOKUP(A3,'[8]OSMEC ID + SESSION'!$A:$B,2,FALSE),Subjects!$B:$D,3,FALSE),"") | AE3: =IFERROR( VLOOKUP( VLOOKUP(A3,'[9]OSMEC ID + SUBJECT'!$A:$B,2,FALSE),Subjects!$B:$D,3,FALSE),"") | AF3: =IFERROR( VLOOKUP( VLOOKUP(A3,'[10]OSMEC ID + SESSION'!$A:$B,2,FALSE),Subjects!$B:$D,3),"")
A4: =Deligate_List!A4 -> OSMEC-0025 | B4: =VLOOKUP(A4,Deligate_List!A:B,2,FALSE) -> VULUVAPALLE SUROHAN REDDY | C4: =IFERROR( VLOOKUP( VLOOKUP($A4,'[1]OSMEC ID + WORKSHOP'!$A:$B,2,FALSE),Workshop!A:C,3,FALSE),"") -> W012 | D4: =IF($D$1 =Events!$A$2, VLOOKUP( VLOOKUP($A4,'[2]OSMEC ID + EVENT'!$A:$E,2,FALSE),Events!$B:$D,3,FALSE)) -> E001 | E4: =IF(E$1=Events!$A$3, VLOOKUP( VLOOKUP($A4,'[2]OSMEC ID + EVENT'!$A:$E,3,FALSE),Events!B:D,3,FALSE)) -> E002 | F4: =IF($F$1=Events!$A$4, VLOOKUP( VLOOKUP($A6,'[2]OSMEC ID + EVENT'!$A:$E,4,FALSE),Events!B:D,3,FALSE),) -> E003 | G4: =IF($G$1=Events!$A$5, VLOOKUP( VLOOKUP($A6,'[2]OSMEC ID + EVENT'!$A:$E,5,FALSE),Events!$B:$D,3,FALSE),) -> E004 | H4: =IF($H$1= VLOOKUP($H$1,Events!$A:$D,1,FALSE), VLOOKUP( VLOOKUP(A4,'[3]OSMEC ID + EVENT'!$A:$M,2,FALSE),Events!B:D,3,FALSE),) -> E005 | I4: =IF(I$1= VLOOKUP(I$1,Events!$A:$D,1,FALSE), VLOOKUP( VLOOKUP($A4,'[3]OSMEC ID + EVENT'!$A:$M,3,FALSE),Events!$B:$D,3,FALSE),) -> E006 | J4: =IF(J$1= VLOOKUP(J$1,Events!$A:$D,1,FALSE), VLOOKUP( VLOOKUP($A4,'[3]OSMEC ID + EVENT'!$A:$M,4,FALSE),Events!$B:$D,3,FALSE),) -> E007 | K4: =IF(K$1= VLOOKUP(K$1,Events!$A:$D,1,FALSE), VLOOKUP( VLOOKUP($A4,'[3]OSMEC ID + EVENT'!$A:$M,5,FALSE),Events!$B:$D,3,FALSE),) -> E008 | L4: =IF(L$1= VLOOKUP(L$1,Events!$A:$D,1,FALSE), VLOOKUP( VLOOKUP($A4,'[3]OSMEC ID + EVENT'!$A:$M,6,FALSE),Events!$B:$D,3,FALSE),) -> E009 | M4: =IF(M$1= VLOOKUP(M$1,Events!$A:$D,1,FALSE), VLOOKUP( VLOOKUP($A4,'[3]OSMEC ID + EVENT'!$A:$M,7,FALSE),Events!$B:$D,3,FALSE),) -> E010 | N4: =IF(N$1= VLOOKUP(N$1,Events!$A:$D,1,FALSE), VLOOKUP( VLOOKUP($A4,'[3]OSMEC ID + EVENT'!$A:$M,8,FALSE),Events!$B:$D,3,FALSE),) -> E011 | O4: =IF(O$1= VLOOKUP(O$1,Events!$A:$D,1,FALSE), VLOOKUP( VLOOKUP($A4,'[3]OSMEC ID + EVENT'!$A:$M,9,FALSE),Events!$B:$D,3,FALSE),) -> E012 | P4: =IF(P$1= VLOOKUP(P$1,Events!$A:$D,1,FALSE), VLOOKUP( VLOOKUP($A4,'[3]OSMEC ID + EVENT'!$A:$M,10,FALSE),Events!$B:$D,3,FALSE),) -> E013 | Q4: =IF(Q$1= VLOOKUP(Q$1,Events!$A:$D,1,FALSE), VLOOKUP( VLOOKUP($A4,'[3]OSMEC ID + EVENT'!$A:$M,11,FALSE),Events!$B:$D,3,FALSE),) -> E014 | R4: =IF(R$1= VLOOKUP(R$1,Events!$A:$D,1,FALSE), VLOOKUP( VLOOKUP($A4,'[3]OSMEC ID + EVENT'!$A:$M,12,FALSE),Events!$B:$D,3,FALSE),) -> E015 | S4: =IF(S$1= VLOOKUP(S$1,Events!$A:$D,1,FALSE), VLOOKUP( VLOOKUP($A4,'[3]OSMEC ID + EVENT'!$A:$M,13,FALSE),Events!$B:$D,3,FALSE),) -> E016 | T4: =IF( ISNA(MATCH(T$1,Events!$A:$A,0)), 0, VLOOKUP( VLOOKUP(A4,'[4]OSMEC ID + EVENT'!$A:$I,2,FALSE),Events!$B:$D,3,FALSE)) -> E017 | U4: =IF( ISNA(MATCH(U$1,Events!$A:$A,0)), 0, VLOOKUP( VLOOKUP($A4,'[4]OSMEC ID + EVENT'!$A:$I,3,FALSE),Events!$B:$D,3,FALSE)) -> E018 | V4: =IF( ISNA(MATCH(V$1,Events!$A:$A,0)), 0, VLOOKUP( VLOOKUP($A4,'[4]OSMEC ID + EVENT'!$A:$I,4,FALSE),Events!$B:$D,3,FALSE)) -> E019 | W4: =IF( ISNA(MATCH(W$1,Events!$A:$A,0)), 0, VLOOKUP( VLOOKUP($A4,'[4]OSMEC ID + EVENT'!$A:$I,5,FALSE),Events!$B:$D,3,FALSE)) -> E020 | X4: =IF( ISNA(MATCH(X$1,Events!$A:$A,0)), 0, VLOOKUP( VLOOKUP($A4,'[4]OSMEC ID + EVENT'!$A:$I,6,FALSE),Events!$B:$D,3,FALSE)) -> E021 | Y4: =IF( ISNA(MATCH(Y$1,Events!$A:$A,0)), 0, VLOOKUP( VLOOKUP($A4,'[4]OSMEC ID + EVENT'!$A:$I,7,FALSE),Events!$B:$D,3,FALSE)) -> E022 | Z4: =IF( ISNA(MATCH(Z$1,Events!$A:$A,0)), 0, VLOOKUP( VLOOKUP($A4,'[4]OSMEC ID + EVENT'!$A:$I,8,FALSE),Events!$B:$D,3,FALSE)) -> E023 | AA4: =IFERROR( VLOOKUP( VLOOKUP(A4,'[5]OSMEC ID + SUBJECT'!$A:$B,2,FALSE),Subjects!$B:$D,3,FALSE),"") | AB4: =IFERROR( VLOOKUP( VLOOKUP(A4,'[6]OSMEC ID + SUBJECT'!$A:$B,2,FALSE),Subjects!B:D,3,FALSE),"") | AC4: =IFERROR( VLOOKUP( VLOOKUP(A4,'[7]OSMEC-ID + SESSION'!$A:$B,2,FALSE),Subjects!$B:$D,3,FALSE),"") | AD4: =IFERROR( VLOOKUP( VLOOKUP(A4,'[8]OSMEC ID + SESSION'!$A:$B,2,FALSE),Subjects!$B:$D,3,FALSE),"") | AE4: =IFERROR( VLOOKUP( VLOOKUP(A4,'[9]OSMEC ID + SUBJECT'!$A:$B,2,FALSE),Subjects!$B:$D,3,FALSE),"") | AF4: =IFERROR( VLOOKUP( VLOOKUP(A4,'[10]OSMEC ID + SESSION'!$A:$B,2,FALSE),Subjects!$B:$D,3),"")
A5: =Deligate_List!A5 -> OSMEC-0006 | B5: =VLOOKUP(A5,Deligate_List!A:B,2,FALSE) -> Diya s bhandary | C5: =IFERROR( VLOOKUP( VLOOKUP($A5,'[1]OSMEC ID + WORKSHOP'!$A:$B,2,FALSE),Workshop!A:C,3,FALSE),"") -> W008 | D5: =IF($D$1 =Events!$A$2, VLOOKUP( VLOOKUP($A5,'[2]OSMEC ID + EVENT'!$A:$E,2,FALSE),Events!$B:$D,3,FALSE)) -> E001 | E5: =IF(E$1=Events!$A$3, VLOOKUP( VLOOKUP($A5,'[2]OSMEC ID + EVENT'!$A:$E,3,FALSE),Events!B:D,3,FALSE)) -> E002 | F5: =IF($F$1=Events!$A$4, VLOOKUP( VLOOKUP($A7,'[2]OSMEC ID + EVENT'!$A:$E,4,FALSE),Events!B:D,3,FALSE),) -> E003 | G5: =IF($G$1=Events!$A$5, VLOOKUP( VLOOKUP($A7,'[2]OSMEC ID + EVENT'!$A:$E,5,FALSE),Events!$B:$D,3,FALSE),) -> E004 | H5: =IF($H$1= VLOOKUP($H$1,Events!$A:$D,1,FALSE), VLOOKUP( VLOOKUP(A5,'[3]OSMEC ID + EVENT'!$A:$M,2,FALSE),Events!B:D,3,FALSE),) -> E005 | I5: =IF(I$1= VLOOKUP(I$1,Events!$A:$D,1,FALSE), VLOOKUP( VLOOKUP($A5,'[3]OSMEC ID + EVENT'!$A:$M,3,FALSE),Events!$B:$D,3,FALSE),) -> E006 | J5: =IF(J$1= VLOOKUP(J$1,Events!$A:$D,1,FALSE), VLOOKUP( VLOOKUP($A5,'[3]OSMEC ID + EVENT'!$A:$M,4,FALSE),Events!$B:$D,3,FALSE),) -> E007 | K5: =IF(K$1= VLOOKUP(K$1,Events!$A:$D,1,FALSE), VLOOKUP( VLOOKUP($A5,'[3]OSMEC ID + EVENT'!$A:$M,5,FALSE),Events!$B:$D,3,FALSE),) -> E008 | L5: =IF(L$1= VLOOKUP(L$1,Events!$A:$D,1,FALSE), VLOOKUP( VLOOKUP($A5,'[3]OSMEC ID + EVENT'!$A:$M,6,FALSE),Events!$B:$D,3,FALSE),) -> E009 | M5: =IF(M$1= VLOOKUP(M$1,Events!$A:$D,1,FALSE), VLOOKUP( VLOOKUP($A5,'[3]OSMEC ID + EVENT'!$A:$M,7,FALSE),Events!$B:$D,3,FALSE),) -> E010 | N5: =IF(N$1= VLOOKUP(N$1,Events!$A:$D,1,FALSE), VLOOKUP( VLOOKUP($A5,'[3]OSMEC ID + EVENT'!$A:$M,8,FALSE),Events!$B:$D,3,FALSE),) -> E011 | O5: =IF(O$1= VLOOKUP(O$1,Events!$A:$D,1,FALSE), VLOOKUP( VLOOKUP($A5,'[3]OSMEC ID + EVENT'!$A:$M,9,FALSE),Events!$B:$D,3,FALSE),) -> E012 | P5: =IF(P$1= VLOOKUP(P$1,Events!$A:$D,1,FALSE), VLOOKUP( VLOOKUP($A5,'[3]OSMEC ID + EVENT'!$A:$M,10,FALSE),Events!$B:$D,3,FALSE),) -> E013 | Q5: =IF(Q$1= VLOOKUP(Q$1,Events!$A:$D,1,FALSE), VLOOKUP( VLOOKUP($A5,'[3]OSMEC ID + EVENT'!$A:$M,11,FALSE),Events!$B:$D,3,FALSE),) -> E014 | R5: =IF(R$1= VLOOKUP(R$1,Events!$A:$D,1,FALSE), VLOOKUP( VLOOKUP($A5,'[3]OSMEC ID + EVENT'!$A:$M,12,FALSE),Events!$B:$D,3,FALSE),) -> E015 | S5: =IF(S$1= VLOOKUP(S$1,Events!$A:$D,1,FALSE), VLOOKUP( VLOOKUP($A5,'[3]OSMEC ID + EVENT'!$A:$M,13,FALSE),Events!$B:$D,3,FALSE),) -> E016 | T5: =IF( ISNA(MATCH(T$1,Events!$A:$A,0)), 0, VLOOKUP( VLOOKUP(A5,'[4]OSMEC ID + EVENT'!$A:$I,2,FALSE),Events!$B:$D,3,FALSE)) -> E017 | U5: =IF( ISNA(MATCH(U$1,Events!$A:$A,0)), 0, VLOOKUP( VLOOKUP($A5,'[4]OSMEC ID + EVENT'!$A:$I,3,FALSE),Events!$B:$D,3,FALSE)) -> E018 | V5: =IF( ISNA(MATCH(V$1,Events!$A:$A,0)), 0, VLOOKUP( VLOOKUP($A5,'[4]OSMEC ID + EVENT'!$A:$I,4,FALSE),Events!$B:$D,3,FALSE)) -> E019 | W5: =IF( ISNA(MATCH(W$1,Events!$A:$A,0)), 0, VLOOKUP( VLOOKUP($A5,'[4]OSMEC ID + EVENT'!$A:$I,5,FALSE),Events!$B:$D,3,FALSE)) -> E020 | X5: =IF( ISNA(MATCH(X$1,Events!$A:$A,0)), 0, VLOOKUP( VLOOKUP($A5,'[4]OSMEC ID + EVENT'!$A:$I,6,FALSE),Events!$B:$D,3,FALSE)) -> E021 | Y5: =IF( ISNA(MATCH(Y$1,Events!$A:$A,0)), 0, VLOOKUP( VLOOKUP($A5,'[4]OSMEC ID + EVENT'!$A:$I,7,FALSE),Events!$B:$D,3,FALSE)) -> E022 | Z5: =IF( ISNA(MATCH(Z$1,Events!$A:$A,0)), 0, VLOOKUP( VLOOKUP($A5,'[4]OSMEC ID + EVENT'!$A:$I,8,FALSE),Events!$B:$D,3,FALSE)) -> E023 | AA5: =IFERROR( VLOOKUP( VLOOKUP(A5,'[5]OSMEC ID + SUBJECT'!$A:$B,2,FALSE),Subjects!$B:$D,3,FALSE),"") | AB5: =IFERROR( VLOOKUP( VLOOKUP(A5,'[6]OSMEC ID + SUBJECT'!$A:$B,2,FALSE),Subjects!B:D,3,FALSE),"") | AC5: =IFERROR( VLOOKUP( VLOOKUP(A5,'[7]OSMEC-ID + SESSION'!$A:$B,2,FALSE),Subjects!$B:$D,3,FALSE),"") | AD5: =IFERROR( VLOOKUP( VLOOKUP(A5,'[8]OSMEC ID + SESSION'!$A:$B,2,FALSE),Subjects!$B:$D,3,FALSE),"") | AE5: =IFERROR( VLOOKUP( VLOOKUP(A5,'[9]OSMEC ID + SUBJECT'!$A:$B,2,FALSE),Subjects!$B:$D,3,FALSE),"") | AF5: =IFERROR( VLOOKUP( VLOOKUP(A5,'[10]OSMEC ID + SESSION'!$A:$B,2,FALSE),Subjects!$B:$D,3),"")
A6: =Deligate_List!A6 -> OSMEC-0009 | B6: =VLOOKUP(A6,Deligate_List!A:B,2,FALSE) -> S SADAF SUHANA AFROZE | C6: =IFERROR( VLOOKUP( VLOOKUP($A6,'[1]OSMEC ID + WORKSHOP'!$A:$B,2,FALSE),Workshop!A:C,3,FALSE),"") | D6: =IF($D$1 =Events!$A$2, VLOOKUP( VLOOKUP($A6,'[2]OSMEC ID + EVENT'!$A:$E,2,FALSE),Events!$B:$D,3,FALSE)) -> E001 | E6: =IF(E$1=Events!$A$3, VLOOKUP( VLOOKUP($A6,'[2]OSMEC ID + EVENT'!$A:$E,3,FALSE),Events!B:D,3,FALSE)) -> E002 | F6: =IF($F$1=Events!$A$4, VLOOKUP( VLOOKUP($A8,'[2]OSMEC ID + EVENT'!$A:$E,4,FALSE),Events!B:D,3,FALSE),) -> E003 | G6: =IF($G$1=Events!$A$5, VLOOKUP( VLOOKUP($A8,'[2]OSMEC ID + EVENT'!$A:$E,5,FALSE),Events!$B:$D,3,FALSE),) -> E004 | H6: =IF($H$1= VLOOKUP($H$1,Events!$A:$D,1,FALSE), VLOOKUP( VLOOKUP(A6,'[3]OSMEC ID + EVENT'!$A:$M,2,FALSE),Events!B:D,3,FALSE),) -> E005 | I6: =IF(I$1= VLOOKUP(I$1,Events!$A:$D,1,FALSE), VLOOKUP( VLOOKUP($A6,'[3]OSMEC ID + EVENT'!$A:$M,3,FALSE),Events!$B:$D,3,FALSE),) -> E006 | J6: =IF(J$1= VLOOKUP(J$1,Events!$A:$D,1,FALSE), VLOOKUP( VLOOKUP($A6,'[3]OSMEC ID + EVENT'!$A:$M,4,FALSE),Events!$B:$D,3,FALSE),) -> E007 | K6: =IF(K$1= VLOOKUP(K$1,Events!$A:$D,1,FALSE), VLOOKUP( VLOOKUP($A6,'[3]OSMEC ID + EVENT'!$A:$M,5,FALSE),Events!$B:$D,3,FALSE),) -> E008 | L6: =IF(L$1= VLOOKUP(L$1,Events!$A:$D,1,FALSE), VLOOKUP( VLOOKUP($A6,'[3]OSMEC ID + EVENT'!$A:$M,6,FALSE),Events!$B:$D,3,FALSE),) -> E009 | M6: =IF(M$1= VLOOKUP(M$1,Events!$A:$D,1,FALSE), VLOOKUP( VLOOKUP($A6,'[3]OSMEC ID + EVENT'!$A:$M,7,FALSE),Events!$B:$D,3,FALSE),) -> E010 | N6: =IF(N$1= VLOOKUP(N$1,Events!$A:$D,1,FALSE), VLOOKUP( VLOOKUP($A6,'[3]OSMEC ID + EVENT'!$A:$M,8,FALSE),Events!$B:$D,3,FALSE),) -> E011 | O6: =IF(O$1= VLOOKUP(O$1,Events!$A:$D,1,FALSE), VLOOKUP( VLOOKUP($A6,'[3]OSMEC ID + EVENT'!$A:$M,9,FALSE),Events!$B:$D,3,FALSE),) -> E012 | P6: =IF(P$1= VLOOKUP(P$1,Events!$A:$D,1,FALSE), VLOOKUP( VLOOKUP($A6,'[3]OSMEC ID + EVENT'!$A:$M,10,FALSE),Events!$B:$D,3,FALSE),) -> E013 | Q6: =IF(Q$1= VLOOKUP(Q$1,Events!$A:$D,1,FALSE), VLOOKUP( VLOOKUP($A6,'[3]OSMEC ID + EVENT'!$A:$M,11,FALSE),Events!$B:$D,3,FALSE),) -> E014 | R6: =IF(R$1= VLOOKUP(R$1,Events!$A:$D,1,FALSE), VLOOKUP( VLOOKUP($A6,'[3]OSMEC ID + EVENT'!$A:$M,12,FALSE),Events!$B:$D,3,FALSE),) -> E015 | S6: =IF(S$1= VLOOKUP(S$1,Events!$A:$D,1,FALSE), VLOOKUP( VLOOKUP($A6,'[3]OSMEC ID + EVENT'!$A:$M,13,FALSE),Events!$B:$D,3,FALSE),) -> E016 | T6: =IF( ISNA(MATCH(T$1,Events!$A:$A,0)), 0, VLOOKUP( VLOOKUP(A6,'[4]OSMEC ID + EVENT'!$A:$I,2,FALSE),Events!$B:$D,3,FALSE)) -> E017 | U6: =IF( ISNA(MATCH(U$1,Events!$A:$A,0)), 0, VLOOKUP( VLOOKUP($A6,'[4]OSMEC ID + EVENT'!$A:$I,3,FALSE),Events!$B:$D,3,FALSE)) -> E018 | V6: =IF( ISNA(MATCH(V$1,Events!$A:$A,0)), 0, VLOOKUP( VLOOKUP($A6,'[4]OSMEC ID + EVENT'!$A:$I,4,FALSE),Events!$B:$D,3,FALSE)) -> E019 | W6: =IF( ISNA(MATCH(W$1,Events!$A:$A,0)), 0, VLOOKUP( VLOOKUP($A6,'[4]OSMEC ID + EVENT'!$A:$I,5,FALSE),Events!$B:$D,3,FALSE)) -> E020 | X6: =IF( ISNA(MATCH(X$1,Events!$A:$A,0)), 0, VLOOKUP( VLOOKUP($A6,'[4]OSMEC ID + EVENT'!$A:$I,6,FALSE),Events!$B:$D,3,FALSE)) -> E021 | Y6: =IF( ISNA(MATCH(Y$1,Events!$A:$A,0)), 0, VLOOKUP( VLOOKUP($A6,'[4]OSMEC ID + EVENT'!$A:$I,7,FALSE),Events!$B:$D,3,FALSE)) -> E022 | Z6: =IF( ISNA(MATCH(Z$1,Events!$A:$A,0)), 0, VLOOKUP( VLOOKUP($A6,'[4]OSMEC ID + EVENT'!$A:$I,8,FALSE),Events!$B:$D,3,FALSE)) -> E023 | AA6: =IFERROR( VLOOKUP( VLOOKUP(A6,'[5]OSMEC ID + SUBJECT'!$A:$B,2,FALSE),Subjects!$B:$D,3,FALSE),"") | AB6: =IFERROR( VLOOKUP( VLOOKUP(A6,'[6]OSMEC ID + SUBJECT'!$A:$B,2,FALSE),Subjects!B:D,3,FALSE),"") | AC6: =IFERROR( VLOOKUP( VLOOKUP(A6,'[7]OSMEC-ID + SESSION'!$A:$B,2,FALSE),Subjects!$B:$D,3,FALSE),"") | AD6: =IFERROR( VLOOKUP( VLOOKUP(A6,'[8]OSMEC ID + SESSION'!$A:$B,2,FALSE),Subjects!$B:$D,3,FALSE),"") | AE6: =IFERROR( VLOOKUP( VLOOKUP(A6,'[9]OSMEC ID + SUBJECT'!$A:$B,2,FALSE),Subjects!$B:$D,3,FALSE),"") | AF6: =IFERROR( VLOOKUP( VLOOKUP(A6,'[10]OSMEC ID + SESSION'!$A:$B,2,FALSE),Subjects!$B:$D,3),"")
A7: =Deligate_List!A7 -> OSMEC-0007 | B7: =VLOOKUP(A7,Deligate_List!A:B,2,FALSE) -> Nithin Kumar Punia | C7: =IFERROR( VLOOKUP( VLOOKUP($A7,'[1]OSMEC ID + WORKSHOP'!$A:$B,2,FALSE),Workshop!A:C,3,FALSE),"") -> W005 | D7: =IF($D$1 =Events!$A$2, VLOOKUP( VLOOKUP($A7,'[2]OSMEC ID + EVENT'!$A:$E,2,FALSE),Events!$B:$D,3,FALSE)) -> E001 | E7: =IF(E$1=Events!$A$3, VLOOKUP( VLOOKUP($A7,'[2]OSMEC ID + EVENT'!$A:$E,3,FALSE),Events!B:D,3,FALSE)) -> E002 | F7: =IF($F$1=Events!$A$4, VLOOKUP( VLOOKUP($A9,'[2]OSMEC ID + EVENT'!$A:$E,4,FALSE),Events!B:D,3,FALSE),) -> E003 | G7: =IF($G$1=Events!$A$5, VLOOKUP( VLOOKUP($A9,'[2]OSMEC ID + EVENT'!$A:$E,5,FALSE),Events!$B:$D,3,FALSE),) -> E004 | H7: =IF($H$1= VLOOKUP($H$1,Events!$A:$D,1,FALSE), VLOOKUP( VLOOKUP(A7,'[3]OSMEC ID + EVENT'!$A:$M,2,FALSE),Events!B:D,3,FALSE),) -> E005 | I7: =IF(I$1= VLOOKUP(I$1,Events!$A:$D,1,FALSE), VLOOKUP( VLOOKUP($A7,'[3]OSMEC ID + EVENT'!$A:$M,3,FALSE),Events!$B:$D,3,FALSE),) -> E006 | J7: =IF(J$1= VLOOKUP(J$1,Events!$A:$D,1,FALSE), VLOOKUP( VLOOKUP($A7,'[3]OSMEC ID + EVENT'!$A:$M,4,FALSE),Events!$B:$D,3,FALSE),) -> E007 | K7: =IF(K$1= VLOOKUP(K$1,Events!$A:$D,1,FALSE), VLOOKUP( VLOOKUP($A7,'[3]OSMEC ID + EVENT'!$A:$M,5,FALSE),Events!$B:$D,3,FALSE),) -> E008 | L7: =IF(L$1= VLOOKUP(L$1,Events!$A:$D,1,FALSE), VLOOKUP( VLOOKUP($A7,'[3]OSMEC ID + EVENT'!$A:$M,6,FALSE),Events!$B:$D,3,FALSE),) -> E009 | M7: =IF(M$1= VLOOKUP(M$1,Events!$A:$D,1,FALSE), VLOOKUP( VLOOKUP($A7,'[3]OSMEC ID + EVENT'!$A:$M,7,FALSE),Events!$B:$D,3,FALSE),) -> E010 | N7: =IF(N$1= VLOOKUP(N$1,Events!$A:$D,1,FALSE), VLOOKUP( VLOOKUP($A7,'[3]OSMEC ID + EVENT'!$A:$M,8,FALSE),Events!$B:$D,3,FALSE),) -> E011 | O7: =IF(O$1= VLOOKUP(O$1,Events!$A:$D,1,FALSE), VLOOKUP( VLOOKUP($A7,'[3]OSMEC ID + EVENT'!$A:$M,9,FALSE),Events!$B:$D,3,FALSE),) -> E012 | P7: =IF(P$1= VLOOKUP(P$1,Events!$A:$D,1,FALSE), VLOOKUP( VLOOKUP($A7,'[3]OSMEC ID + EVENT'!$A:$M,10,FALSE),Events!$B:$D,3,FALSE),) -> E013 | Q7: =IF(Q$1= VLOOKUP(Q$1,Events!$A:$D,1,FALSE), VLOOKUP( VLOOKUP($A7,'[3]OSMEC ID + EVENT'!$A:$M,11,FALSE),Events!$B:$D,3,FALSE),) -> E014 | R7: =IF(R$1= VLOOKUP(R$1,Events!$A:$D,1,FALSE), VLOOKUP( VLOOKUP($A7,'[3]OSMEC ID + EVENT'!$A:$M,12,FALSE),Events!$B:$D,3,FALSE),) -> E015 | S7: =IF(S$1= VLOOKUP(S$1,Events!$A:$D,1,FALSE), VLOOKUP( VLOOKUP($A7,'[3]OSMEC ID + EVENT'!$A:$M,13,FALSE),Events!$B:$D,3,FALSE),) -> E016 | T7: =IF( ISNA(MATCH(T$1,Events!$A:$A,0)), 0, VLOOKUP( VLOOKUP(A7,'[4]OSMEC ID + EVENT'!$A:$I,2,FALSE),Events!$B:$D,3,FALSE)) -> E017 | U7: =IF( ISNA(MATCH(U$1,Events!$A:$A,0)), 0, VLOOKUP( VLOOKUP($A7,'[4]OSMEC ID + EVENT'!$A:$I,3,FALSE),Events!$B:$D,3,FALSE)) -> E018 | V7: =IF( ISNA(MATCH(V$1,Events!$A:$A,0)), 0, VLOOKUP( VLOOKUP($A7,'[4]OSMEC ID + EVENT'!$A:$I,4,FALSE),Events!$B:$D,3,FALSE)) -> E019 | W7: =IF( ISNA(MATCH(W$1,Events!$A:$A,0)), 0, VLOOKUP( VLOOKUP($A7,'[4]OSMEC ID + EVENT'!$A:$I,5,FALSE),Events!$B:$D,3,FALSE)) -> E020 | X7: =IF( ISNA(MATCH(X$1,Events!$A:$A,0)), 0, VLOOKUP( VLOOKUP($A7,'[4]OSMEC ID + EVENT'!$A:$I,6,FALSE),Events!$B:$D,3,FALSE)) -> E021 | Y7: =IF( ISNA(MATCH(Y$1,Events!$A:$A,0)), 0, VLOOKUP( VLOOKUP($A7,'[4]OSMEC ID + EVENT'!$A:$I,7,FALSE),Events!$B:$D,3,FALSE)) -> E022 | Z7: =IF( ISNA(MATCH(Z$1,Events!$A:$A,0)), 0, VLOOKUP( VLOOKUP($A7,'[4]OSMEC ID + EVENT'!$A:$I,8,FALSE),Events!$B:$D,3,FALSE)) -> E023 | AA7: =IFERROR( VLOOKUP( VLOOKUP(A7,'[5]OSMEC ID + SUBJECT'!$A:$B,2,FALSE),Subjects!$B:$D,3,FALSE),"") | AB7: =IFERROR( VLOOKUP( VLOOKUP(A7,'[6]OSMEC ID + SUBJECT'!$A:$B,2,FALSE),Subjects!B:D,3,FALSE),"") -> S007 | AC7: =IFERROR( VLOOKUP( VLOOKUP(A7,'[7]OSMEC-ID + SESSION'!$A:$B,2,FALSE),Subjects!$B:$D,3,FALSE),"") | AD7: =IFERROR( VLOOKUP( VLOOKUP(A7,'[8]OSMEC ID + SESSION'!$A:$B,2,FALSE),Subjects!$B:$D,3,FALSE),"") | AE7: =IFERROR( VLOOKUP( VLOOKUP(A7,'[9]OSMEC ID + SUBJECT'!$A:$B,2,FALSE),Subjects!$B:$D,3,FALSE),"") | AF7: =IFERROR( VLOOKUP( VLOOKUP(A7,'[10]OSMEC ID + SESSION'!$A:$B,2,FALSE),Subjects!$B:$D,3),"")
A8: =Deligate_List!A8 -> OSMEC-0016 | B8: =VLOOKUP(A8,Deligate_List!A:B,2,FALSE) -> Sri Sanjana Gunturi | C8: =IFERROR( VLOOKUP( VLOOKUP($A8,'[1]OSMEC ID + WORKSHOP'!$A:$B,2,FALSE),Workshop!A:C,3,FALSE),"") | D8: =IF($D$1 =Events!$A$2, VLOOKUP( VLOOKUP($A8,'[2]OSMEC ID + EVENT'!$A:$E,2,FALSE),Events!$B:$D,3,FALSE)) -> E001 | E8: =IF(E$1=Events!$A$3, VLOOKUP( VLOOKUP($A8,'[2]OSMEC ID + EVENT'!$A:$E,3,FALSE),Events!B:D,3,FALSE)) -> E002 | F8: =IF($F$1=Events!$A$4, VLOOKUP( VLOOKUP($A10,'[2]OSMEC ID + EVENT'!$A:$E,4,FALSE),Events!B:D,3,FALSE),) -> E003 | G8: =IF($G$1=Events!$A$5, VLOOKUP( VLOOKUP($A10,'[2]OSMEC ID + EVENT'!$A:$E,5,FALSE),Events!$B:$D,3,FALSE),) -> E004 | H8: =IF($H$1= VLOOKUP($H$1,Events!$A:$D,1,FALSE), VLOOKUP( VLOOKUP(A8,'[3]OSMEC ID + EVENT'!$A:$M,2,FALSE),Events!B:D,3,FALSE),) -> E005 | I8: =IF(I$1= VLOOKUP(I$1,Events!$A:$D,1,FALSE), VLOOKUP( VLOOKUP($A8,'[3]OSMEC ID + EVENT'!$A:$M,3,FALSE),Events!$B:$D,3,FALSE),) -> E006 | J8: =IF(J$1= VLOOKUP(J$1,Events!$A:$D,1,FALSE), VLOOKUP( VLOOKUP($A8,'[3]OSMEC ID + EVENT'!$A:$M,4,FALSE),Events!$B:$D,3,FALSE),) -> E007 | K8: =IF(K$1= VLOOKUP(K$1,Events!$A:$D,1,FALSE), VLOOKUP( VLOOKUP($A8,'[3]OSMEC ID + EVENT'!$A:$M,5,FALSE),Events!$B:$D,3,FALSE),) -> E008 | L8: =IF(L$1= VLOOKUP(L$1,Events!$A:$D,1,FALSE), VLOOKUP( VLOOKUP($A8,'[3]OSMEC ID + EVENT'!$A:$M,6,FALSE),Events!$B:$D,3,FALSE),) -> E009 | M8: =IF(M$1= VLOOKUP(M$1,Events!$A:$D,1,FALSE), VLOOKUP( VLOOKUP($A8,'[3]OSMEC ID + EVENT'!$A:$M,7,FALSE),Events!$B:$D,3,FALSE),) -> E010 | N8: =IF(N$1= VLOOKUP(N$1,Events!$A:$D,1,FALSE), VLOOKUP( VLOOKUP($A8,'[3]OSMEC ID + EVENT'!$A:$M,8,FALSE),Events!$B:$D,3,FALSE),) -> E011 | O8: =IF(O$1= VLOOKUP(O$1,Events!$A:$D,1,FALSE), VLOOKUP( VLOOKUP($A8,'[3]OSMEC ID + EVENT'!$A:$M,9,FALSE),Events!$B:$D,3,FALSE),) -> E012 | P8: =IF(P$1= VLOOKUP(P$1,Events!$A:$D,1,FALSE), VLOOKUP( VLOOKUP($A8,'[3]OSMEC ID + EVENT'!$A:$M,10,FALSE),Events!$B:$D,3,FALSE),) -> E013 | Q8: =IF(Q$1= VLOOKUP(Q$1,Events!$A:$D,1,FALSE), VLOOKUP( VLOOKUP($A8,'[3]OSMEC ID + EVENT'!$A:$M,11,FALSE),Events!$B:$D,3,FALSE),) -> E014 | R8: =IF(R$1= VLOOKUP(R$1,Events!$A:$D,1,FALSE), VLOOKUP( VLOOKUP($A8,'[3]OSMEC ID + EVENT'!$A:$M,12,FALSE),Events!$B:$D,3,FALSE),) -> E015 | S8: =IF(S$1= VLOOKUP(S$1,Events!$A:$D,1,FALSE), VLOOKUP( VLOOKUP($A8,'[3]OSMEC ID + EVENT'!$A:$M,13,FALSE),Events!$B:$D,3,FALSE),) -> E016 | T8: =IF( ISNA(MATCH(T$1,Events!$A:$A,0)), 0, VLOOKUP( VLOOKUP(A8,'[4]OSMEC ID + EVENT'!$A:$I,2,FALSE),Events!$B:$D,3,FALSE)) -> E017 | U8: =IF( ISNA(MATCH(U$1,Events!$A:$A,0)), 0, VLOOKUP( VLOOKUP($A8,'[4]OSMEC ID + EVENT'!$A:$I,3,FALSE),Events!$B:$D,3,FALSE)) -> E018 | V8: =IF( ISNA(MATCH(V$1,Events!$A:$A,0)), 0, VLOOKUP( VLOOKUP($A8,'[4]OSMEC ID + EVENT'!$A:$I,4,FALSE),Events!$B:$D,3,FALSE)) -> E019 | W8: =IF( ISNA(MATCH(W$1,Events!$A:$A,0)), 0, VLOOKUP( VLOOKUP($A8,'[4]OSMEC ID + EVENT'!$A:$I,5,FALSE),Events!$B:$D,3,FALSE)) -> E020 | X8: =IF( ISNA(MATCH(X$1,Events!$A:$A,0)), 0, VLOOKUP( VLOOKUP($A8,'[4]OSMEC ID + EVENT'!$A:$I,6,FALSE),Events!$B:$D,3,FALSE)) -> E021 | Y8: =IF( ISNA(MATCH(Y$1,Events!$A:$A,0)), 0, VLOOKUP( VLOOKUP($A8,'[4]OSMEC ID + EVENT'!$A:$I,7,FALSE),Events!$B:$D,3,FALSE)) -> E022 | Z8: =IF( ISNA(MATCH(Z$1,Events!$A:$A,0)), 0, VLOOKUP( VLOOKUP($A8,'[4]OSMEC ID + EVENT'!$A:$I,8,FALSE),Events!$B:$D,3,FALSE)) -> E023 | AA8: =IFERROR( VLOOKUP( VLOOKUP(A8,'[5]OSMEC ID + SUBJECT'!$A:$B,2,FALSE),Subjects!$B:$D,3,FALSE),"") | AB8: =IFERROR( VLOOKUP( VLOOKUP(A8,'[6]OSMEC ID + SUBJECT'!$A:$B,2,FALSE),Subjects!B:D,3,FALSE),"") -> S005 | AC8: =IFERROR( VLOOKUP( VLOOKUP(A8,'[7]OSMEC-ID + SESSION'!$A:$B,2,FALSE),Subjects!$B:$D,3,FALSE),"") | AD8: =IFERROR( VLOOKUP( VLOOKUP(A8,'[8]OSMEC ID + SESSION'!$A:$B,2,FALSE),Subjects!$B:$D,3,FALSE),"") | AE8: =IFERROR( VLOOKUP( VLOOKUP(A8,'[9]OSMEC ID + SUBJECT'!$A:$B,2,FALSE),Subjects!$B:$D,3,FALSE),"") | AF8: =IFERROR( VLOOKUP( VLOOKUP(A8,'[10]OSMEC ID + SESSION'!$A:$B,2,FALSE),Subjects!$B:$D,3),"")
A9: =Deligate_List!A9 -> OSMEC-0013 | B9: =VLOOKUP(A9,Deligate_List!A:B,2,FALSE) -> ABDUL RIYAAN AHMED | C9: =IFERROR( VLOOKUP( VLOOKUP($A9,'[1]OSMEC ID + WORKSHOP'!$A:$B,2,FALSE),Workshop!A:C,3,FALSE),"") -> W007 | D9: =IF($D$1 =Events!$A$2, VLOOKUP( VLOOKUP($A9,'[2]OSMEC ID + EVENT'!$A:$E,2,FALSE),Events!$B:$D,3,FALSE)) -> E001 | E9: =IF(E$1=Events!$A$3, VLOOKUP( VLOOKUP($A9,'[2]OSMEC ID + EVENT'!$A:$E,3,FALSE),Events!B:D,3,FALSE)) -> E002 | F9: =IF($F$1=Events!$A$4, VLOOKUP( VLOOKUP($A11,'[2]OSMEC ID + EVENT'!$A:$E,4,FALSE),Events!B:D,3,FALSE),) -> E003 | G9: =IF($G$1=Events!$A$5, VLOOKUP( VLOOKUP($A11,'[2]OSMEC ID + EVENT'!$A:$E,5,FALSE),Events!$B:$D,3,FALSE),) -> E004 | H9: =IF($H$1= VLOOKUP($H$1,Events!$A:$D,1,FALSE), VLOOKUP( VLOOKUP(A9,'[3]OSMEC ID + EVENT'!$A:$M,2,FALSE),Events!B:D,3,FALSE),) -> E005 | I9: =IF(I$1= VLOOKUP(I$1,Events!$A:$D,1,FALSE), VLOOKUP( VLOOKUP($A9,'[3]OSMEC ID + EVENT'!$A:$M,3,FALSE),Events!$B:$D,3,FALSE),) -> E006 | J9: =IF(J$1= VLOOKUP(J$1,Events!$A:$D,1,FALSE), VLOOKUP( VLOOKUP($A9,'[3]OSMEC ID + EVENT'!$A:$M,4,FALSE),Events!$B:$D,3,FALSE),) -> E007 | K9: =IF(K$1= VLOOKUP(K$1,Events!$A:$D,1,FALSE), VLOOKUP( VLOOKUP($A9,'[3]OSMEC ID + EVENT'!$A:$M,5,FALSE),Events!$B:$D,3,FALSE),) -> E008 | L9: =IF(L$1= VLOOKUP(L$1,Events!$A:$D,1,FALSE), VLOOKUP( VLOOKUP($A9,'[3]OSMEC ID + EVENT'!$A:$M,6,FALSE),Events!$B:$D,3,FALSE),) -> E009 | M9: =IF(M$1= VLOOKUP(M$1,Events!$A:$D,1,FALSE), VLOOKUP( VLOOKUP($A9,'[3]OSMEC ID + EVENT'!$A:$M,7,FALSE),Events!$B:$D,3,FALSE),) -> E010 | N9: =IF(N$1= VLOOKUP(N$1,Events!$A:$D,1,FALSE), VLOOKUP( VLOOKUP($A9,'[3]OSMEC ID + EVENT'!$A:$M,8,FALSE),Events!$B:$D,3,FALSE),) -> E011 | O9: =IF(O$1= VLOOKUP(O$1,Events!$A:$D,1,FALSE), VLOOKUP( VLOOKUP($A9,'[3]OSMEC ID + EVENT'!$A:$M,9,FALSE),Events!$B:$D,3,FALSE),) -> E012 | P9: =IF(P$1= VLOOKUP(P$1,Events!$A:$D,1,FALSE), VLOOKUP( VLOOKUP($A9,'[3]OSMEC ID + EVENT'!$A:$M,10,FALSE),Events!$B:$D,3,FALSE),) -> E013 | Q9: =IF(Q$1= VLOOKUP(Q$1,Events!$A:$D,1,FALSE), VLOOKUP( VLOOKUP($A9,'[3]OSMEC ID + EVENT'!$A:$M,11,FALSE),Events!$B:$D,3,FALSE),) -> E014 | R9: =IF(R$1= VLOOKUP(R$1,Events!$A:$D,1,FALSE), VLOOKUP( VLOOKUP($A9,'[3]OSMEC ID + EVENT'!$A:$M,12,FALSE),Events!$B:$D,3,FALSE),) -> E015 | S9: =IF(S$1= VLOOKUP(S$1,Events!$A:$D,1,FALSE), VLOOKUP( VLOOKUP($A9,'[3]OSMEC ID + EVENT'!$A:$M,13,FALSE),Events!$B:$D,3,FALSE),) -> E016 | T9: =IF( ISNA(MATCH(T$1,Events!$A:$A,0)), 0, VLOOKUP( VLOOKUP(A9,'[4]OSMEC ID + EVENT'!$A:$I,2,FALSE),Events!$B:$D,3,FALSE)) -> E017 | U9: =IF( ISNA(MATCH(U$1,Events!$A:$A,0)), 0, VLOOKUP( VLOOKUP($A9,'[4]OSMEC ID + EVENT'!$A:$I,3,FALSE),Events!$B:$D,3,FALSE)) -> E018 | V9: =IF( ISNA(MATCH(V$1,Events!$A:$A,0)), 0, VLOOKUP( VLOOKUP($A9,'[4]OSMEC ID + EVENT'!$A:$I,4,FALSE),Events!$B:$D,3,FALSE)) -> E019 | W9: =IF( ISNA(MATCH(W$1,Events!$A:$A,0)), 0, VLOOKUP( VLOOKUP($A9,'[4]OSMEC ID + EVENT'!$A:$I,5,FALSE),Events!$B:$D,3,FALSE)) -> E020 | X9: =IF( ISNA(MATCH(X$1,Events!$A:$A,0)), 0, VLOOKUP( VLOOKUP($A9,'[4]OSMEC ID + EVENT'!$A:$I,6,FALSE),Events!$B:$D,3,FALSE)) -> E021 | Y9: =IF( ISNA(MATCH(Y$1,Events!$A:$A,0)), 0, VLOOKUP( VLOOKUP($A9,'[4]OSMEC ID + EVENT'!$A:$I,7,FALSE),Events!$B:$D,3,FALSE)) -> E022 | Z9: =IF( ISNA(MATCH(Z$1,Events!$A:$A,0)), 0, VLOOKUP( VLOOKUP($A9,'[4]OSMEC ID + EVENT'!$A:$I,8,FALSE),Events!$B:$D,3,FALSE)) -> E023 | AA9: =IFERROR( VLOOKUP( VLOOKUP(A9,'[5]OSMEC ID + SUBJECT'!$A:$B,2,FALSE),Subjects!$B:$D,3,FALSE),"") | AB9: =IFERROR( VLOOKUP( VLOOKUP(A9,'[6]OSMEC ID + SUBJECT'!$A:$B,2,FALSE),Subjects!B:D,3,FALSE),"") | AC9: =IFERROR( VLOOKUP( VLOOKUP(A9,'[7]OSMEC-ID + SESSION'!$A:$B,2,FALSE),Subjects!$B:$D,3,FALSE),"") | AD9: =IFERROR( VLOOKUP( VLOOKUP(A9,'[8]OSMEC ID + SESSION'!$A:$B,2,FALSE),Subjects!$B:$D,3,FALSE),"") | AE9: =IFERROR( VLOOKUP( VLOOKUP(A9,'[9]OSMEC ID + SUBJECT'!$A:$B,2,FALSE),Subjects!$B:$D,3,FALSE),"") | AF9: =IFERROR( VLOOKUP( VLOOKUP(A9,'[10]OSMEC ID + SESSION'!$A:$B,2,FALSE),Subjects!$B:$D,3),"")
A10: =Deligate_List!A10 -> OSMEC-0008 | B10: =VLOOKUP(A10,Deligate_List!A:B,2,FALSE) -> SUHAS KAVALI | C10: =IFERROR( VLOOKUP( VLOOKUP($A10,'[1]OSMEC ID + WORKSHOP'!$A:$B,2,FALSE),Workshop!A:C,3,FALSE),"") -> W009 | D10: =IF($D$1 =Events!$A$2, VLOOKUP( VLOOKUP($A10,'[2]OSMEC ID + EVENT'!$A:$E,2,FALSE),Events!$B:$D,3,FALSE)) -> E001 | E10: =IF(E$1=Events!$A$3, VLOOKUP( VLOOKUP($A10,'[2]OSMEC ID + EVENT'!$A:$E,3,FALSE),Events!B:D,3,FALSE)) -> E002 | F10: =IF($F$1=Events!$A$4, VLOOKUP( VLOOKUP($A12,'[2]OSMEC ID + EVENT'!$A:$E,4,FALSE),Events!B:D,3,FALSE),) -> E003 | G10: =IF($G$1=Events!$A$5, VLOOKUP( VLOOKUP($A12,'[2]OSMEC ID + EVENT'!$A:$E,5,FALSE),Events!$B:$D,3,FALSE),) -> E004 | H10: =IF($H$1= VLOOKUP($H$1,Events!$A:$D,1,FALSE), VLOOKUP( VLOOKUP(A10,'[3]OSMEC ID + EVENT'!$A:$M,2,FALSE),Events!B:D,3,FALSE),) -> E005 | I10: =IF(I$1= VLOOKUP(I$1,Events!$A:$D,1,FALSE), VLOOKUP( VLOOKUP($A10,'[3]OSMEC ID + EVENT'!$A:$M,3,FALSE),Events!$B:$D,3,FALSE),) -> E006 | J10: =IF(J$1= VLOOKUP(J$1,Events!$A:$D,1,FALSE), VLOOKUP( VLOOKUP($A10,'[3]OSMEC ID + EVENT'!$A:$M,4,FALSE),Events!$B:$D,3,FALSE),) -> E007 | K10: =IF(K$1= VLOOKUP(K$1,Events!$A:$D,1,FALSE), VLOOKUP( VLOOKUP($A10,'[3]OSMEC ID + EVENT'!$A:$M,5,FALSE),Events!$B:$D,3,FALSE),) -> E008 | L10: =IF(L$1= VLOOKUP(L$1,Events!$A:$D,1,FALSE), VLOOKUP( VLOOKUP($A10,'[3]OSMEC ID + EVENT'!$A:$M,6,FALSE),Events!$B:$D,3,FALSE),) -> E009 | M10: =IF(M$1= VLOOKUP(M$1,Events!$A:$D,1,FALSE), VLOOKUP( VLOOKUP($A10,'[3]OSMEC ID + EVENT'!$A:$M,7,FALSE),Events!$B:$D,3,FALSE),) -> E010 | N10: =IF(N$1= VLOOKUP(N$1,Events!$A:$D,1,FALSE), VLOOKUP( VLOOKUP($A10,'[3]OSMEC ID + EVENT'!$A:$M,8,FALSE),Events!$B:$D,3,FALSE),) -> E011 | O10: =IF(O$1= VLOOKUP(O$1,Events!$A:$D,1,FALSE), VLOOKUP( VLOOKUP($A10,'[3]OSMEC ID + EVENT'!$A:$M,9,FALSE),Events!$B:$D,3,FALSE),) -> E012 | P10: =IF(P$1= VLOOKUP(P$1,Events!$A:$D,1,FALSE), VLOOKUP( VLOOKUP($A10,'[3]OSMEC ID + EVENT'!$A:$M,10,FALSE),Events!$B:$D,3,FALSE),) -> E013 | Q10: =IF(Q$1= VLOOKUP(Q$1,Events!$A:$D,1,FALSE), VLOOKUP( VLOOKUP($A10,'[3]OSMEC ID + EVENT'!$A:$M,11,FALSE),Events!$B:$D,3,FALSE),) -> E014 | R10: =IF(R$1= VLOOKUP(R$1,Events!$A:$D,1,FALSE), VLOOKUP( VLOOKUP($A10,'[3]OSMEC ID + EVENT'!$A:$M,12,FALSE),Events!$B:$D,3,FALSE),) -> E015 | S10: =IF(S$1= VLOOKUP(S$1,Events!$A:$D,1,FALSE), VLOOKUP( VLOOKUP($A10,'[3]OSMEC ID + EVENT'!$A:$M,13,FALSE),Events!$B:$D,3,FALSE),) -> E016 | T10: =IF( ISNA(MATCH(T$1,Events!$A:$A,0)), 0, VLOOKUP( VLOOKUP(A10,'[4]OSMEC ID + EVENT'!$A:$I,2,FALSE),Events!$B:$D,3,FALSE)) -> E017 | U10: =IF( ISNA(MATCH(U$1,Events!$A:$A,0)), 0, VLOOKUP( VLOOKUP($A10,'[4]OSMEC ID + EVENT'!$A:$I,3,FALSE),Events!$B:$D,3,FALSE)) -> E018 | V10: =IF( ISNA(MATCH(V$1,Events!$A:$A,0)), 0, VLOOKUP( VLOOKUP($A10,'[4]OSMEC ID + EVENT'!$A:$I,4,FALSE),Events!$B:$D,3,FALSE)) -> E019 | W10: =IF( ISNA(MATCH(W$1,Events!$A:$A,0)), 0, VLOOKUP( VLOOKUP($A10,'[4]OSMEC ID + EVENT'!$A:$I,5,FALSE),Events!$B:$D,3,FALSE)) -> E020 | X10: =IF( ISNA(MATCH(X$1,Events!$A:$A,0)), 0, VLOOKUP( VLOOKUP($A10,'[4]OSMEC ID + EVENT'!$A:$I,6,FALSE),Events!$B:$D,3,FALSE)) -> E021 | Y10: =IF( ISNA(MATCH(Y$1,Events!$A:$A,0)), 0, VLOOKUP( VLOOKUP($A10,'[4]OSMEC ID + EVENT'!$A:$I,7,FALSE),Events!$B:$D,3,FALSE)) -> E022 | Z10: =IF( ISNA(MATCH(Z$1,Events!$A:$A,0)), 0, VLOOKUP( VLOOKUP($A10,'[4]OSMEC ID + EVENT'!$A:$I,8,FALSE),Events!$B:$D,3,FALSE)) -> E023 | AA10: =IFERROR( VLOOKUP( VLOOKUP(A10,'[5]OSMEC ID + SUBJECT'!$A:$B,2,FALSE),Subjects!$B:$D,3,FALSE),"") | AB10: =IFERROR( VLOOKUP( VLOOKUP(A10,'[6]OSMEC ID + SUBJECT'!$A:$B,2,FALSE),Subjects!B:D,3,FALSE),"") | AC10: =IFERROR( VLOOKUP( VLOOKUP(A10,'[7]OSMEC-ID + SESSION'!$A:$B,2,FALSE),Subjects!$B:$D,3,FALSE),"") | AD10: =IFERROR( VLOOKUP( VLOOKUP(A10,'[8]OSMEC ID + SESSION'!$A:$B,2,FALSE),Subjects!$B:$D,3,FALSE),"") | AE10: =IFERROR( VLOOKUP( VLOOKUP(A10,'[9]OSMEC ID + SUBJECT'!$A:$B,2,FALSE),Subjects!$B:$D,3,FALSE),"") | AF10: =IFERROR( VLOOKUP( VLOOKUP(A10,'[10]OSMEC ID + SESSION'!$A:$B,2,FALSE),Subjects!$B:$D,3),"")
A11: =Deligate_List!A11 -> OSMEC-0012 | B11: =VLOOKUP(A11,Deligate_List!A:B,2,FALSE) -> KASI ALEKHYA SRI | C11: =IFERROR( VLOOKUP( VLOOKUP($A11,'[1]OSMEC ID + WORKSHOP'!$A:$B,2,FALSE),Workshop!A:C,3,FALSE),"") | D11: =IF($D$1 =Events!$A$2, VLOOKUP( VLOOKUP($A11,'[2]OSMEC ID + EVENT'!$A:$E,2,FALSE),Events!$B:$D,3,FALSE)) -> E001 | E11: =IF(E$1=Events!$A$3, VLOOKUP( VLOOKUP($A11,'[2]OSMEC ID + EVENT'!$A:$E,3,FALSE),Events!B:D,3,FALSE)) -> E002 | F11: =IF($F$1=Events!$A$4, VLOOKUP( VLOOKUP($A13,'[2]OSMEC ID + EVENT'!$A:$E,4,FALSE),Events!B:D,3,FALSE),) -> E003 | G11: =IF($G$1=Events!$A$5, VLOOKUP( VLOOKUP($A13,'[2]OSMEC ID + EVENT'!$A:$E,5,FALSE),Events!$B:$D,3,FALSE),) -> E004 | H11: =IF($H$1= VLOOKUP($H$1,Events!$A:$D,1,FALSE), VLOOKUP( VLOOKUP(A11,'[3]OSMEC ID + EVENT'!$A:$M,2,FALSE),Events!B:D,3,FALSE),) -> E005 | I11: =IF(I$1= VLOOKUP(I$1,Events!$A:$D,1,FALSE), VLOOKUP( VLOOKUP($A11,'[3]OSMEC ID + EVENT'!$A:$M,3,FALSE),Events!$B:$D,3,FALSE),) -> E006 | J11: =IF(J$1= VLOOKUP(J$1,Events!$A:$D,1,FALSE), VLOOKUP( VLOOKUP($A11,'[3]OSMEC ID + EVENT'!$A:$M,4,FALSE),Events!$B:$D,3,FALSE),) -> E007 | K11: =IF(K$1= VLOOKUP(K$1,Events!$A:$D,1,FALSE), VLOOKUP( VLOOKUP($A11,'[3]OSMEC ID + EVENT'!$A:$M,5,FALSE),Events!$B:$D,3,FALSE),) -> E008 | L11: =IF(L$1= VLOOKUP(L$1,Events!$A:$D,1,FALSE), VLOOKUP( VLOOKUP($A11,'[3]OSMEC ID + EVENT'!$A:$M,6,FALSE),Events!$B:$D,3,FALSE),) -> E009 | M11: =IF(M$1= VLOOKUP(M$1,Events!$A:$D,1,FALSE), VLOOKUP( VLOOKUP($A11,'[3]OSMEC ID + EVENT'!$A:$M,7,FALSE),Events!$B:$D,3,FALSE),) -> E010 | N11: =IF(N$1= VLOOKUP(N$1,Events!$A:$D,1,FALSE), VLOOKUP( VLOOKUP($A11,'[3]OSMEC ID + EVENT'!$A:$M,8,FALSE),Events!$B:$D,3,FALSE),) -> E011 | O11: =IF(O$1= VLOOKUP(O$1,Events!$A:$D,1,FALSE), VLOOKUP( VLOOKUP($A11,'[3]OSMEC ID + EVENT'!$A:$M,9,FALSE),Events!$B:$D,3,FALSE),) -> E012 | P11: =IF(P$1= VLOOKUP(P$1,Events!$A:$D,1,FALSE), VLOOKUP( VLOOKUP($A11,'[3]OSMEC ID + EVENT'!$A:$M,10,FALSE),Events!$B:$D,3,FALSE),) -> E013 | Q11: =IF(Q$1= VLOOKUP(Q$1,Events!$A:$D,1,FALSE), VLOOKUP( VLOOKUP($A11,'[3]OSMEC ID + EVENT'!$A:$M,11,FALSE),Events!$B:$D,3,FALSE),) -> E014 | R11: =IF(R$1= VLOOKUP(R$1,Events!$A:$D,1,FALSE), VLOOKUP( VLOOKUP($A11,'[3]OSMEC ID + EVENT'!$A:$M,12,FALSE),Events!$B:$D,3,FALSE),) -> E015 | S11: =IF(S$1= VLOOKUP(S$1,Events!$A:$D,1,FALSE), VLOOKUP( VLOOKUP($A11,'[3]OSMEC ID + EVENT'!$A:$M,13,FALSE),Events!$B:$D,3,FALSE),) -> E016 | T11: =IF( ISNA(MATCH(T$1,Events!$A:$A,0)), 0, VLOOKUP( VLOOKUP(A11,'[4]OSMEC ID + EVENT'!$A:$I,2,FALSE),Events!$B:$D,3,FALSE)) -> E017 | U11: =IF( ISNA(MATCH(U$1,Events!$A:$A,0)), 0, VLOOKUP( VLOOKUP($A11,'[4]OSMEC ID + EVENT'!$A:$I,3,FALSE),Events!$B:$D,3,FALSE)) -> E018 | V11: =IF( ISNA(MATCH(V$1,Events!$A:$A,0)), 0, VLOOKUP( VLOOKUP($A11,'[4]OSMEC ID + EVENT'!$A:$I,4,FALSE),Events!$B:$D,3,FALSE)) -> E019 | W11: =IF( ISNA(MATCH(W$1,Events!$A:$A,0)), 0, VLOOKUP( VLOOKUP($A11,'[4]OSMEC ID + EVENT'!$A:$I,5,FALSE),Events!$B:$D,3,FALSE)) -> E020 | X11: =IF( ISNA(MATCH(X$1,Events!$A:$A,0)), 0, VLOOKUP( VLOOKUP($A11,'[4]OSMEC ID + EVENT'!$A:$I,6,FALSE),Events!$B:$D,3,FALSE)) -> E021 | Y11: =IF( ISNA(MATCH(Y$1,Events!$A:$A,0)), 0, VLOOKUP( VLOOKUP($A11,'[4]OSMEC ID + EVENT'!$A:$I,7,FALSE),Events!$B:$D,3,FALSE)) -> E022 | Z11: =IF( ISNA(MATCH(Z$1,Events!$A:$A,0)), 0, VLOOKUP( VLOOKUP($A11,'[4]OSMEC ID + EVENT'!$A:$I,8,FALSE),Events!$B:$D,3,FALSE)) -> E023 | AA11: =IFERROR( VLOOKUP( VLOOKUP(A11,'[5]OSMEC ID + SUBJECT'!$A:$B,2,FALSE),Subjects!$B:$D,3,FALSE),"") | AB11: =IFERROR( VLOOKUP( VLOOKUP(A11,'[6]OSMEC ID + SUBJECT'!$A:$B,2,FALSE),Subjects!B:D,3,FALSE),"") | AC11: =IFERROR( VLOOKUP( VLOOKUP(A11,'[7]OSMEC-ID + SESSION'!$A:$B,2,FALSE),Subjects!$B:$D,3,FALSE),"") | AD11: =IFERROR( VLOOKUP( VLOOKUP(A11,'[8]OSMEC ID + SESSION'!$A:$B,2,FALSE),Subjects!$B:$D,3,FALSE),"") | AE11: =IFERROR( VLOOKUP( VLOOKUP(A11,'[9]OSMEC ID + SUBJECT'!$A:$B,2,FALSE),Subjects!$B:$D,3,FALSE),"") | AF11: =IFERROR( VLOOKUP( VLOOKUP(A11,'[10]OSMEC ID + SESSION'!$A:$B,2,FALSE),Subjects!$B:$D,3),"")
A12: =Deligate_List!A12 -> OSMEC-0023 | B12: =VLOOKUP(A12,Deligate_List!A:B,2,FALSE) -> Arshi Ameena Khan | C12: =IFERROR( VLOOKUP( VLOOKUP($A12,'[1]OSMEC ID + WORKSHOP'!$A:$B,2,FALSE),Workshop!A:C,3,FALSE),"") -> W012 | D12: =IF($D$1 =Events!$A$2, VLOOKUP( VLOOKUP($A12,'[2]OSMEC ID + EVENT'!$A:$E,2,FALSE),Events!$B:$D,3,FALSE)) -> E001 | E12: =IF(E$1=Events!$A$3, VLOOKUP( VLOOKUP($A12,'[2]OSMEC ID + EVENT'!$A:$E,3,FALSE),Events!B:D,3,FALSE)) -> E002 | F12: =IF($F$1=Events!$A$4, VLOOKUP( VLOOKUP($A14,'[2]OSMEC ID + EVENT'!$A:$E,4,FALSE),Events!B:D,3,FALSE),) -> E003 | G12: =IF($G$1=Events!$A$5, VLOOKUP( VLOOKUP($A14,'[2]OSMEC ID + EVENT'!$A:$E,5,FALSE),Events!$B:$D,3,FALSE),) -> E004 | H12: =IF($H$1= VLOOKUP($H$1,Events!$A:$D,1,FALSE), VLOOKUP( VLOOKUP(A12,'[3]OSMEC ID + EVENT'!$A:$M,2,FALSE),Events!B:D,3,FALSE),) -> E005 | I12: =IF(I$1= VLOOKUP(I$1,Events!$A:$D,1,FALSE), VLOOKUP( VLOOKUP($A12,'[3]OSMEC ID + EVENT'!$A:$M,3,FALSE),Events!$B:$D,3,FALSE),) -> E006 | J12: =IF(J$1= VLOOKUP(J$1,Events!$A:$D,1,FALSE), VLOOKUP( VLOOKUP($A12,'[3]OSMEC ID + EVENT'!$A:$M,4,FALSE),Events!$B:$D,3,FALSE),) -> E007 | K12: =IF(K$1= VLOOKUP(K$1,Events!$A:$D,1,FALSE), VLOOKUP( VLOOKUP($A12,'[3]OSMEC ID + EVENT'!$A:$M,5,FALSE),Events!$B:$D,3,FALSE),) -> E008 | L12: =IF(L$1= VLOOKUP(L$1,Events!$A:$D,1,FALSE), VLOOKUP( VLOOKUP($A12,'[3]OSMEC ID + EVENT'!$A:$M,6,FALSE),Events!$B:$D,3,FALSE),) -> E009 | M12: =IF(M$1= VLOOKUP(M$1,Events!$A:$D,1,FALSE), VLOOKUP( VLOOKUP($A12,'[3]OSMEC ID + EVENT'!$A:$M,7,FALSE),Events!$B:$D,3,FALSE),) -> E010 | N12: =IF(N$1= VLOOKUP(N$1,Events!$A:$D,1,FALSE), VLOOKUP( VLOOKUP($A12,'[3]OSMEC ID + EVENT'!$A:$M,8,FALSE),Events!$B:$D,3,FALSE),) -> E011 | O12: =IF(O$1= VLOOKUP(O$1,Events!$A:$D,1,FALSE), VLOOKUP( VLOOKUP($A12,'[3]OSMEC ID + EVENT'!$A:$M,9,FALSE),Events!$B:$D,3,FALSE),) -> E012 | P12: =IF(P$1= VLOOKUP(P$1,Events!$A:$D,1,FALSE), VLOOKUP( VLOOKUP($A12,'[3]OSMEC ID + EVENT'!$A:$M,10,FALSE),Events!$B:$D,3,FALSE),) -> E013 | Q12: =IF(Q$1= VLOOKUP(Q$1,Events!$A:$D,1,FALSE), VLOOKUP( VLOOKUP($A12,'[3]OSMEC ID + EVENT'!$A:$M,11,FALSE),Events!$B:$D,3,FALSE),) -> E014 | R12: =IF(R$1= VLOOKUP(R$1,Events!$A:$D,1,FALSE), VLOOKUP( VLOOKUP($A12,'[3]OSMEC ID + EVENT'!$A:$M,12,FALSE),Events!$B:$D,3,FALSE),) -> E015 | S12: =IF(S$1= VLOOKUP(S$1,Events!$A:$D,1,FALSE), VLOOKUP( VLOOKUP($A12,'[3]OSMEC ID + EVENT'!$A:$M,13,FALSE),Events!$B:$D,3,FALSE),) -> E016 | T12: =IF( ISNA(MATCH(T$1,Events!$A:$A,0)), 0, VLOOKUP( VLOOKUP(A12,'[4]OSMEC ID + EVENT'!$A:$I,2,FALSE),Events!$B:$D,3,FALSE)) -> E017 | U12: =IF( ISNA(MATCH(U$1,Events!$A:$A,0)), 0, VLOOKUP( VLOOKUP($A12,'[4]OSMEC ID + EVENT'!$A:$I,3,FALSE),Events!$B:$D,3,FALSE)) -> E018 | V12: =IF( ISNA(MATCH(V$1,Events!$A:$A,0)), 0, VLOOKUP( VLOOKUP($A12,'[4]OSMEC ID + EVENT'!$A:$I,4,FALSE),Events!$B:$D,3,FALSE)) -> E019 | W12: =IF( ISNA(MATCH(W$1,Events!$A:$A,0)), 0, VLOOKUP( VLOOKUP($A12,'[4]OSMEC ID + EVENT'!$A:$I,5,FALSE),Events!$B:$D,3,FALSE)) -> E020 | X12: =IF( ISNA(MATCH(X$1,Events!$A:$A,0)), 0, VLOOKUP( VLOOKUP($A12,'[4]OSMEC ID + EVENT'!$A:$I,6,FALSE),Events!$B:$D,3,FALSE)) -> E021 | Y12: =IF( ISNA(MATCH(Y$1,Events!$A:$A,0)), 0, VLOOKUP( VLOOKUP($A12,'[4]OSMEC ID + EVENT'!$A:$I,7,FALSE),Events!$B:$D,3,FALSE)) -> E022 | Z12: =IF( ISNA(MATCH(Z$1,Events!$A:$A,0)), 0, VLOOKUP( VLOOKUP($A12,'[4]OSMEC ID + EVENT'!$A:$I,8,FALSE),Events!$B:$D,3,FALSE)) -> E023 | AA12: =IFERROR( VLOOKUP( VLOOKUP(A12,'[5]OSMEC ID + SUBJECT'!$A:$B,2,FALSE),Subjects!$B:$D,3,FALSE),"") | AB12: =IFERROR( VLOOKUP( VLOOKUP(A12,'[6]OSMEC ID + SUBJECT'!$A:$B,2,FALSE),Subjects!B:D,3,FALSE),"") | AC12: =IFERROR( VLOOKUP( VLOOKUP(A12,'[7]OSMEC-ID + SESSION'!$A:$B,2,FALSE),Subjects!$B:$D,3,FALSE),"") | AD12: =IFERROR( VLOOKUP( VLOOKUP(A12,'[8]OSMEC ID + SESSION'!$A:$B,2,FALSE),Subjects!$B:$D,3,FALSE),"") | AE12: =IFERROR( VLOOKUP( VLOOKUP(A12,'[9]OSMEC ID + SUBJECT'!$A:$B,2,FALSE),Subjects!$B:$D,3,FALSE),"") | AF12: =IFERROR( VLOOKUP( VLOOKUP(A12,'[10]OSMEC ID + SESSION'!$A:$B,2,FALSE),Subjects!$B:$D,3),"")
A13: =Deligate_List!A13 -> OSMEC-0011 | B13: =VLOOKUP(A13,Deligate_List!A:B,2,FALSE) -> SAFA MOHIUDDIN | C13: =IFERROR( VLOOKUP( VLOOKUP($A13,'[1]OSMEC ID + WORKSHOP'!$A:$B,2,FALSE),Workshop!A:C,3,FALSE),"") -> W001 | D13: =IF($D$1 =Events!$A$2, VLOOKUP( VLOOKUP($A13,'[2]OSMEC ID + EVENT'!$A:$E,2,FALSE),Events!$B:$D,3,FALSE)) -> E001 | E13: =IF(E$1=Events!$A$3, VLOOKUP( VLOOKUP($A13,'[2]OSMEC ID + EVENT'!$A:$E,3,FALSE),Events!B:D,3,FALSE)) -> E002 | F13: =IF($F$1=Events!$A$4, VLOOKUP( VLOOKUP($A15,'[2]OSMEC ID + EVENT'!$A:$E,4,FALSE),Events!B:D,3,FALSE),) -> E003 | G13: =IF($G$1=Events!$A$5, VLOOKUP( VLOOKUP($A15,'[2]OSMEC ID + EVENT'!$A:$E,5,FALSE),Events!$B:$D,3,FALSE),) -> E004 | H13: =IF($H$1= VLOOKUP($H$1,Events!$A:$D,1,FALSE), VLOOKUP( VLOOKUP(A13,'[3]OSMEC ID + EVENT'!$A:$M,2,FALSE),Events!B:D,3,FALSE),) -> E005 | I13: =IF(I$1= VLOOKUP(I$1,Events!$A:$D,1,FALSE), VLOOKUP( VLOOKUP($A13,'[3]OSMEC ID + EVENT'!$A:$M,3,FALSE),Events!$B:$D,3,FALSE),) -> E006 | J13: =IF(J$1= VLOOKUP(J$1,Events!$A:$D,1,FALSE), VLOOKUP( VLOOKUP($A13,'[3]OSMEC ID + EVENT'!$A:$M,4,FALSE),Events!$B:$D,3,FALSE),) -> E007 | K13: =IF(K$1= VLOOKUP(K$1,Events!$A:$D,1,FALSE), VLOOKUP( VLOOKUP($A13,'[3]OSMEC ID + EVENT'!$A:$M,5,FALSE),Events!$B:$D,3,FALSE),) -> E008 | L13: =IF(L$1= VLOOKUP(L$1,Events!$A:$D,1,FALSE), VLOOKUP( VLOOKUP($A13,'[3]OSMEC ID + EVENT'!$A:$M,6,FALSE),Events!$B:$D,3,FALSE),) -> E009 | M13: =IF(M$1= VLOOKUP(M$1,Events!$A:$D,1,FALSE), VLOOKUP( VLOOKUP($A13,'[3]OSMEC ID + EVENT'!$A:$M,7,FALSE),Events!$B:$D,3,FALSE),) -> E010 | N13: =IF(N$1= VLOOKUP(N$1,Events!$A:$D,1,FALSE), VLOOKUP( VLOOKUP($A13,'[3]OSMEC ID + EVENT'!$A:$M,8,FALSE),Events!$B:$D,3,FALSE),) -> E011 | O13: =IF(O$1= VLOOKUP(O$1,Events!$A:$D,1,FALSE), VLOOKUP( VLOOKUP($A13,'[3]OSMEC ID + EVENT'!$A:$M,9,FALSE),Events!$B:$D,3,FALSE),) -> E012 | P13: =IF(P$1= VLOOKUP(P$1,Events!$A:$D,1,FALSE), VLOOKUP( VLOOKUP($A13,'[3]OSMEC ID + EVENT'!$A:$M,10,FALSE),Events!$B:$D,3,FALSE),) -> E013 | Q13: =IF(Q$1= VLOOKUP(Q$1,Events!$A:$D,1,FALSE), VLOOKUP( VLOOKUP($A13,'[3]OSMEC ID + EVENT'!$A:$M,11,FALSE),Events!$B:$D,3,FALSE),) -> E014 | R13: =IF(R$1= VLOOKUP(R$1,Events!$A:$D,1,FALSE), VLOOKUP( VLOOKUP($A13,'[3]OSMEC ID + EVENT'!$A:$M,12,FALSE),Events!$B:$D,3,FALSE),) -> E015 | S13: =IF(S$1= VLOOKUP(S$1,Events!$A:$D,1,FALSE), VLOOKUP( VLOOKUP($A13,'[3]OSMEC ID + EVENT'!$A:$M,13,FALSE),Events!$B:$D,3,FALSE),) -> E016 | T13: =IF( ISNA(MATCH(T$1,Events!$A:$A,0)), 0, VLOOKUP( VLOOKUP(A13,'[4]OSMEC ID + EVENT'!$A:$I,2,FALSE),Events!$B:$D,3,FALSE)) -> E017 | U13: =IF( ISNA(MATCH(U$1,Events!$A:$A,0)), 0, VLOOKUP( VLOOKUP($A13,'[4]OSMEC ID + EVENT'!$A:$I,3,FALSE),Events!$B:$D,3,FALSE)) -> E018 | V13: =IF( ISNA(MATCH(V$1,Events!$A:$A,0)), 0, VLOOKUP( VLOOKUP($A13,'[4]OSMEC ID + EVENT'!$A:$I,4,FALSE),Events!$B:$D,3,FALSE)) -> E019 | W13: =IF( ISNA(MATCH(W$1,Events!$A:$A,0)), 0, VLOOKUP( VLOOKUP($A13,'[4]OSMEC ID + EVENT'!$A:$I,5,FALSE),Events!$B:$D,3,FALSE)) -> E020 | X13: =IF( ISNA(MATCH(X$1,Events!$A:$A,0)), 0, VLOOKUP( VLOOKUP($A13,'[4]OSMEC ID + EVENT'!$A:$I,6,FALSE),Events!$B:$D,3,FALSE)) -> E021 | Y13: =IF( ISNA(MATCH(Y$1,Events!$A:$A,0)), 0, VLOOKUP( VLOOKUP($A13,'[4]OSMEC ID + EVENT'!$A:$I,7,FALSE),Events!$B:$D,3,FALSE)) -> E022 | Z13: =IF( ISNA(MATCH(Z$1,Events!$A:$A,0)), 0, VLOOKUP( VLOOKUP($A13,'[4]OSMEC ID + EVENT'!$A:$I,8,FALSE),Events!$B:$D,3,FALSE)) -> E023 | AA13: =IFERROR( VLOOKUP( VLOOKUP(A13,'[5]OSMEC ID + SUBJECT'!$A:$B,2,FALSE),Subjects!$B:$D,3,FALSE),"") | AB13: =IFERROR( VLOOKUP( VLOOKUP(A13,'[6]OSMEC ID + SUBJECT'!$A:$B,2,FALSE),Subjects!B:D,3,FALSE),"") | AC13: =IFERROR( VLOOKUP( VLOOKUP(A13,'[7]OSMEC-ID + SESSION'!$A:$B,2,FALSE),Subjects!$B:$D,3,FALSE),"") | AD13: =IFERROR( VLOOKUP( VLOOKUP(A13,'[8]OSMEC ID + SESSION'!$A:$B,2,FALSE),Subjects!$B:$D,3,FALSE),"") | AE13: =IFERROR( VLOOKUP( VLOOKUP(A13,'[9]OSMEC ID + SUBJECT'!$A:$B,2,FALSE),Subjects!$B:$D,3,FALSE),"") | AF13: =IFERROR( VLOOKUP( VLOOKUP(A13,'[10]OSMEC ID + SESSION'!$A:$B,2,FALSE),Subjects!$B:$D,3),"")
A14: =Deligate_List!A14 -> OSMEC-0010 | B14: =VLOOKUP(A14,Deligate_List!A:B,2,FALSE) -> PREETHAM GUPTHA | C14: =IFERROR( VLOOKUP( VLOOKUP($A14,'[1]OSMEC ID + WORKSHOP'!$A:$B,2,FALSE),Workshop!A:C,3,FALSE),"") -> W010 | D14: =IF($D$1 =Events!$A$2, VLOOKUP( VLOOKUP($A14,'[2]OSMEC ID + EVENT'!$A:$E,2,FALSE),Events!$B:$D,3,FALSE)) -> E001 | E14: =IF(E$1=Events!$A$3, VLOOKUP( VLOOKUP($A14,'[2]OSMEC ID + EVENT'!$A:$E,3,FALSE),Events!B:D,3,FALSE)) -> E002 | F14: =IF($F$1=Events!$A$4, VLOOKUP( VLOOKUP($A16,'[2]OSMEC ID + EVENT'!$A:$E,4,FALSE),Events!B:D,3,FALSE),) -> E003 | G14: =IF($G$1=Events!$A$5, VLOOKUP( VLOOKUP($A16,'[2]OSMEC ID + EVENT'!$A:$E,5,FALSE),Events!$B:$D,3,FALSE),) -> E004 | H14: =IF($H$1= VLOOKUP($H$1,Events!$A:$D,1,FALSE), VLOOKUP( VLOOKUP(A14,'[3]OSMEC ID + EVENT'!$A:$M,2,FALSE),Events!B:D,3,FALSE),) -> E005 | I14: =IF(I$1= VLOOKUP(I$1,Events!$A:$D,1,FALSE), VLOOKUP( VLOOKUP($A14,'[3]OSMEC ID + EVENT'!$A:$M,3,FALSE),Events!$B:$D,3,FALSE),) -> E006 | J14: =IF(J$1= VLOOKUP(J$1,Events!$A:$D,1,FALSE), VLOOKUP( VLOOKUP($A14,'[3]OSMEC ID + EVENT'!$A:$M,4,FALSE),Events!$B:$D,3,FALSE),) -> E007 | K14: =IF(K$1= VLOOKUP(K$1,Events!$A:$D,1,FALSE), VLOOKUP( VLOOKUP($A14,'[3]OSMEC ID + EVENT'!$A:$M,5,FALSE),Events!$B:$D,3,FALSE),) -> E008 | L14: =IF(L$1= VLOOKUP(L$1,Events!$A:$D,1,FALSE), VLOOKUP( VLOOKUP($A14,'[3]OSMEC ID + EVENT'!$A:$M,6,FALSE),Events!$B:$D,3,FALSE),) -> E009 | M14: =IF(M$1= VLOOKUP(M$1,Events!$A:$D,1,FALSE), VLOOKUP( VLOOKUP($A14,'[3]OSMEC ID + EVENT'!$A:$M,7,FALSE),Events!$B:$D,3,FALSE),) -> E010 | N14: =IF(N$1= VLOOKUP(N$1,Events!$A:$D,1,FALSE), VLOOKUP( VLOOKUP($A14,'[3]OSMEC ID + EVENT'!$A:$M,8,FALSE),Events!$B:$D,3,FALSE),) -> E011 | O14: =IF(O$1= VLOOKUP(O$1,Events!$A:$D,1,FALSE), VLOOKUP( VLOOKUP($A14,'[3]OSMEC ID + EVENT'!$A:$M,9,FALSE),Events!$B:$D,3,FALSE),) -> E012 | P14: =IF(P$1= VLOOKUP(P$1,Events!$A:$D,1,FALSE), VLOOKUP( VLOOKUP($A14,'[3]OSMEC ID + EVENT'!$A:$M,10,FALSE),Events!$B:$D,3,FALSE),) -> E013 | Q14: =IF(Q$1= VLOOKUP(Q$1,Events!$A:$D,1,FALSE), VLOOKUP( VLOOKUP($A14,'[3]OSMEC ID + EVENT'!$A:$M,11,FALSE),Events!$B:$D,3,FALSE),) -> E014 | R14: =IF(R$1= VLOOKUP(R$1,Events!$A:$D,1,FALSE), VLOOKUP( VLOOKUP($A14,'[3]OSMEC ID + EVENT'!$A:$M,12,FALSE),Events!$B:$D,3,FALSE),) -> E015 | S14: =IF(S$1= VLOOKUP(S$1,Events!$A:$D,1,FALSE), VLOOKUP( VLOOKUP($A14,'[3]OSMEC ID + EVENT'!$A:$M,13,FALSE),Events!$B:$D,3,FALSE),) -> E016 | T14: =IF( ISNA(MATCH(T$1,Events!$A:$A,0)), 0, VLOOKUP( VLOOKUP(A14,'[4]OSMEC ID + EVENT'!$A:$I,2,FALSE),Events!$B:$D,3,FALSE)) -> E017 | U14: =IF( ISNA(MATCH(U$1,Events!$A:$A,0)), 0, VLOOKUP( VLOOKUP($A14,'[4]OSMEC ID + EVENT'!$A:$I,3,FALSE),Events!$B:$D,3,FALSE)) -> E018 | V14: =IF( ISNA(MATCH(V$1,Events!$A:$A,0)), 0, VLOOKUP( VLOOKUP($A14,'[4]OSMEC ID + EVENT'!$A:$I,4,FALSE),Events!$B:$D,3,FALSE)) -> E019 | W14: =IF( ISNA(MATCH(W$1,Events!$A:$A,0)), 0, VLOOKUP( VLOOKUP($A14,'[4]OSMEC ID + EVENT'!$A:$I,5,FALSE),Events!$B:$D,3,FALSE)) -> E020 | X14: =IF( ISNA(MATCH(X$1,Events!$A:$A,0)), 0, VLOOKUP( VLOOKUP($A14,'[4]OSMEC ID + EVENT'!$A:$I,6,FALSE),Events!$B:$D,3,FALSE)) -> E021 | Y14: =IF( ISNA(MATCH(Y$1,Events!$A:$A,0)), 0, VLOOKUP( VLOOKUP($A14,'[4]OSMEC ID + EVENT'!$A:$I,7,FALSE),Events!$B:$D,3,FALSE)) -> E022 | Z14: =IF( ISNA(MATCH(Z$1,Events!$A:$A,0)), 0, VLOOKUP( VLOOKUP($A14,'[4]OSMEC ID + EVENT'!$A:$I,8,FALSE),Events!$B:$D,3,FALSE)) -> E023 | AA14: =IFERROR( VLOOKUP( VLOOKUP(A14,'[5]OSMEC ID + SUBJECT'!$A:$B,2,FALSE),Subjects!$B:$D,3,FALSE),"") | AB14: =IFERROR( VLOOKUP( VLOOKUP(A14,'[6]OSMEC ID + SUBJECT'!$A:$B,2,FALSE),Subjects!B:D,3,FALSE),"") | AC14: =IFERROR( VLOOKUP( VLOOKUP(A14,'[7]OSMEC-ID + SESSION'!$A:$B,2,FALSE),Subjects!$B:$D,3,FALSE),"") | AD14: =IFERROR( VLOOKUP( VLOOKUP(A14,'[8]OSMEC ID + SESSION'!$A:$B,2,FALSE),Subjects!$B:$D,3,FALSE),"") | AE14: =IFERROR( VLOOKUP( VLOOKUP(A14,'[9]OSMEC ID + SUBJECT'!$A:$B,2,FALSE),Subjects!$B:$D,3,FALSE),"") | AF14: =IFERROR( VLOOKUP( VLOOKUP(A14,'[10]OSMEC ID + SESSION'!$A:$B,2,FALSE),Subjects!$B:$D,3),"")
... A483: =Deligate_List!A483 -> OSMEC-0530 | B483: =VLOOKUP(A483,Deligate_List!A:B,2,FALSE) -> MUCHA VARSHA SREE | C483: =IFERROR( VLOOKUP( VLOOKUP($A483,'[1]OSMEC ID + WORKSHOP'!$A:$B,2,FALSE),Workshop!A:C,3,FALSE),"") -> W013 | D483: =IF($D$1 =Events!$A$2, VLOOKUP( VLOOKUP($A483,'[2]OSMEC ID + EVENT'!$A:$E,2,FALSE),Events!$B:$D,3,FALSE)) -> E001 | E483: =IF(E$1=Events!$A$3, VLOOKUP( VLOOKUP($A483,'[2]OSMEC ID + EVENT'!$A:$E,3,FALSE),Events!B:D,3,FALSE)) -> E002 | F483: =IF($F$1=Events!$A$4, VLOOKUP( VLOOKUP($A485,'[2]OSMEC ID + EVENT'!$A:$E,4,FALSE),Events!B:D,3,FALSE),) -> E003 | G483: =IF($G$1=Events!$A$5, VLOOKUP( VLOOKUP($A485,'[2]OSMEC ID + EVENT'!$A:$E,5,FALSE),Events!$B:$D,3,FALSE),) -> E004 | H483: =IF($H$1= VLOOKUP($H$1,Events!$A:$D,1,FALSE), VLOOKUP( VLOOKUP(A483,'[3]OSMEC ID + EVENT'!$A:$M,2,FALSE),Events!B:D,3,FALSE),) -> E005 | I483: =IF(I$1= VLOOKUP(I$1,Events!$A:$D,1,FALSE), VLOOKUP( VLOOKUP($A483,'[3]OSMEC ID + EVENT'!$A:$M,3,FALSE),Events!$B:$D,3,FALSE),) -> E006 | J483: =IF(J$1= VLOOKUP(J$1,Events!$A:$D,1,FALSE), VLOOKUP( VLOOKUP($A483,'[3]OSMEC ID + EVENT'!$A:$M,4,FALSE),Events!$B:$D,3,FALSE),) -> E007 | K483: =IF(K$1= VLOOKUP(K$1,Events!$A:$D,1,FALSE), VLOOKUP( VLOOKUP($A483,'[3]OSMEC ID + EVENT'!$A:$M,5,FALSE),Events!$B:$D,3,FALSE),) -> E008 | L483: =IF(L$1= VLOOKUP(L$1,Events!$A:$D,1,FALSE), VLOOKUP( VLOOKUP($A483,'[3]OSMEC ID + EVENT'!$A:$M,6,FALSE),Events!$B:$D,3,FALSE),) -> E009 | M483: =IF(M$1= VLOOKUP(M$1,Events!$A:$D,1,FALSE), VLOOKUP( VLOOKUP($A483,'[3]OSMEC ID + EVENT'!$A:$M,7,FALSE),Events!$B:$D,3,FALSE),) -> E010 | N483: =IF(N$1= VLOOKUP(N$1,Events!$A:$D,1,FALSE), VLOOKUP( VLOOKUP($A483,'[3]OSMEC ID + EVENT'!$A:$M,8,FALSE),Events!$B:$D,3,FALSE),) -> E011 | O483: =IF(O$1= VLOOKUP(O$1,Events!$A:$D,1,FALSE), VLOOKUP( VLOOKUP($A483,'[3]OSMEC ID + EVENT'!$A:$M,9,FALSE),Events!$B:$D,3,FALSE),) -> E012 | P483: =IF(P$1= VLOOKUP(P$1,Events!$A:$D,1,FALSE), VLOOKUP( VLOOKUP($A483,'[3]OSMEC ID + EVENT'!$A:$M,10,FALSE),Events!$B:$D,3,FALSE),) -> E013 | Q483: =IF(Q$1= VLOOKUP(Q$1,Events!$A:$D,1,FALSE), VLOOKUP( VLOOKUP($A483,'[3]OSMEC ID + EVENT'!$A:$M,11,FALSE),Events!$B:$D,3,FALSE),) -> E014 | R483: =IF(R$1= VLOOKUP(R$1,Events!$A:$D,1,FALSE), VLOOKUP( VLOOKUP($A483,'[3]OSMEC ID + EVENT'!$A:$M,12,FALSE),Events!$B:$D,3,FALSE),) -> E015 | S483: =IF(S$1= VLOOKUP(S$1,Events!$A:$D,1,FALSE), VLOOKUP( VLOOKUP($A483,'[3]OSMEC ID + EVENT'!$A:$M,13,FALSE),Events!$B:$D,3,FALSE),) -> E016 | T483: =IF( ISNA(MATCH(T$1,Events!$A:$A,0)), 0, VLOOKUP( VLOOKUP(A483,'[4]OSMEC ID + EVENT'!$A:$I,2,FALSE),Events!$B:$D,3,FALSE)) -> E017 | U483: =IF( ISNA(MATCH(U$1,Events!$A:$A,0)), 0, VLOOKUP( VLOOKUP($A483,'[4]OSMEC ID + EVENT'!$A:$I,3,FALSE),Events!$B:$D,3,FALSE)) -> E018 | V483: =IF( ISNA(MATCH(V$1,Events!$A:$A,0)), 0, VLOOKUP( VLOOKUP($A483,'[4]OSMEC ID + EVENT'!$A:$I,4,FALSE),Events!$B:$D,3,FALSE)) -> E019 | W483: =IF( ISNA(MATCH(W$1,Events!$A:$A,0)), 0, VLOOKUP( VLOOKUP($A483,'[4]OSMEC ID + EVENT'!$A:$I,5,FALSE),Events!$B:$D,3,FALSE)) -> E020 | X483: =IF( ISNA(MATCH(X$1,Events!$A:$A,0)), 0, VLOOKUP( VLOOKUP($A483,'[4]OSMEC ID + EVENT'!$A:$I,6,FALSE),Events!$B:$D,3,FALSE)) -> E021 | Y483: =IF( ISNA(MATCH(Y$1,Events!$A:$A,0)), 0, VLOOKUP( VLOOKUP($A483,'[4]OSMEC ID + EVENT'!$A:$I,7,FALSE),Events!$B:$D,3,FALSE)) -> E022 | Z483: =IF( ISNA(MATCH(Z$1,Events!$A:$A,0)), 0, VLOOKUP( VLOOKUP($A483,'[4]OSMEC ID + EVENT'!$A:$I,8,FALSE),Events!$B:$D,3,FALSE)) -> E023 | AA483: =IFERROR( VLOOKUP( VLOOKUP(A483,'[5]OSMEC ID + SUBJECT'!$A:$B,2,FALSE),Subjects!$B:$D,3,FALSE),"") | AB483: =IFERROR( VLOOKUP( VLOOKUP(A483,'[6]OSMEC ID + SUBJECT'!$A:$B,2,FALSE),Subjects!B:D,3,FALSE),"") | AC483: =IFERROR( VLOOKUP( VLOOKUP(A483,'[7]OSMEC-ID + SESSION'!$A:$B,2,FALSE),Subjects!$B:$D,3,FALSE),"") | AD483: =IFERROR( VLOOKUP( VLOOKUP(A483,'[8]OSMEC ID + SESSION'!$A:$B,2,FALSE),Subjects!$B:$D,3,FALSE),"") | AE483: =IFERROR( VLOOKUP( VLOOKUP(A483,'[9]OSMEC ID + SUBJECT'!$A:$B,2,FALSE),Subjects!$B:$D,3,FALSE),"") | AF483: =IFERROR( VLOOKUP( VLOOKUP(A483,'[10]OSMEC ID + SESSION'!$A:$B,2,FALSE),Subjects!$B:$D,3),"")
A484: =Deligate_List!A484 -> OSMEC-0531 | B484: =VLOOKUP(A484,Deligate_List!A:B,2,FALSE) -> D.L.N. Rupa Sahithi | C484: =IFERROR( VLOOKUP( VLOOKUP($A484,'[1]OSMEC ID + WORKSHOP'!$A:$B,2,FALSE),Workshop!A:C,3,FALSE),"") | D484: =IF($D$1 =Events!$A$2, VLOOKUP( VLOOKUP($A484,'[2]OSMEC ID + EVENT'!$A:$E,2,FALSE),Events!$B:$D,3,FALSE)) -> E001 | E484: =IF(E$1=Events!$A$3, VLOOKUP( VLOOKUP($A484,'[2]OSMEC ID + EVENT'!$A:$E,3,FALSE),Events!B:D,3,FALSE)) -> E002 | F484: =IF($F$1=Events!$A$4, VLOOKUP( VLOOKUP(#REF!,'[2]OSMEC ID + EVENT'!$A:$E,4,FALSE),Events!B:D,3,FALSE),) -> #REF! | G484: =IF($G$1=Events!$A$5, VLOOKUP( VLOOKUP(#REF!,'[2]OSMEC ID + EVENT'!$A:$E,5,FALSE),Events!$B:$D,3,FALSE),) -> #REF! | H484: =IF($H$1= VLOOKUP($H$1,Events!$A:$D,1,FALSE), VLOOKUP( VLOOKUP(A484,'[3]OSMEC ID + EVENT'!$A:$M,2,FALSE),Events!B:D,3,FALSE),) -> E005 | I484: =IF(I$1= VLOOKUP(I$1,Events!$A:$D,1,FALSE), VLOOKUP( VLOOKUP($A484,'[3]OSMEC ID + EVENT'!$A:$M,3,FALSE),Events!$B:$D,3,FALSE),) -> E006 | J484: =IF(J$1= VLOOKUP(J$1,Events!$A:$D,1,FALSE), VLOOKUP( VLOOKUP($A484,'[3]OSMEC ID + EVENT'!$A:$M,4,FALSE),Events!$B:$D,3,FALSE),) -> E007 | K484: =IF(K$1= VLOOKUP(K$1,Events!$A:$D,1,FALSE), VLOOKUP( VLOOKUP($A484,'[3]OSMEC ID + EVENT'!$A:$M,5,FALSE),Events!$B:$D,3,FALSE),) -> E008 | L484: =IF(L$1= VLOOKUP(L$1,Events!$A:$D,1,FALSE), VLOOKUP( VLOOKUP($A484,'[3]OSMEC ID + EVENT'!$A:$M,6,FALSE),Events!$B:$D,3,FALSE),) -> E009 | M484: =IF(M$1= VLOOKUP(M$1,Events!$A:$D,1,FALSE), VLOOKUP( VLOOKUP($A484,'[3]OSMEC ID + EVENT'!$A:$M,7,FALSE),Events!$B:$D,3,FALSE),) -> E010 | N484: =IF(N$1= VLOOKUP(N$1,Events!$A:$D,1,FALSE), VLOOKUP( VLOOKUP($A484,'[3]OSMEC ID + EVENT'!$A:$M,8,FALSE),Events!$B:$D,3,FALSE),) -> E011 | O484: =IF(O$1= VLOOKUP(O$1,Events!$A:$D,1,FALSE), VLOOKUP( VLOOKUP($A484,'[3]OSMEC ID + EVENT'!$A:$M,9,FALSE),Events!$B:$D,3,FALSE),) -> E012 | P484: =IF(P$1= VLOOKUP(P$1,Events!$A:$D,1,FALSE), VLOOKUP( VLOOKUP($A484,'[3]OSMEC ID + EVENT'!$A:$M,10,FALSE),Events!$B:$D,3,FALSE),) -> E013 | Q484: =IF(Q$1= VLOOKUP(Q$1,Events!$A:$D,1,FALSE), VLOOKUP( VLOOKUP($A484,'[3]OSMEC ID + EVENT'!$A:$M,11,FALSE),Events!$B:$D,3,FALSE),) -> E014 | R484: =IF(R$1= VLOOKUP(R$1,Events!$A:$D,1,FALSE), VLOOKUP( VLOOKUP($A484,'[3]OSMEC ID + EVENT'!$A:$M,12,FALSE),Events!$B:$D,3,FALSE),) -> E015 | S484: =IF(S$1= VLOOKUP(S$1,Events!$A:$D,1,FALSE), VLOOKUP( VLOOKUP($A484,'[3]OSMEC ID + EVENT'!$A:$M,13,FALSE),Events!$B:$D,3,FALSE),) -> E016 | T484: =IF( ISNA(MATCH(T$1,Events!$A:$A,0)), 0, VLOOKUP( VLOOKUP(A484,'[4]OSMEC ID + EVENT'!$A:$I,2,FALSE),Events!$B:$D,3,FALSE)) -> E017 | U484: =IF( ISNA(MATCH(U$1,Events!$A:$A,0)), 0, VLOOKUP( VLOOKUP($A484,'[4]OSMEC ID + EVENT'!$A:$I,3,FALSE),Events!$B:$D,3,FALSE)) -> E018 | V484: =IF( ISNA(MATCH(V$1,Events!$A:$A,0)), 0, VLOOKUP( VLOOKUP($A484,'[4]OSMEC ID + EVENT'!$A:$I,4,FALSE),Events!$B:$D,3,FALSE)) -> E019 | W484: =IF( ISNA(MATCH(W$1,Events!$A:$A,0)), 0, VLOOKUP( VLOOKUP($A484,'[4]OSMEC ID + EVENT'!$A:$I,5,FALSE),Events!$B:$D,3,FALSE)) -> E020 | X484: =IF( ISNA(MATCH(X$1,Events!$A:$A,0)), 0, VLOOKUP( VLOOKUP($A484,'[4]OSMEC ID + EVENT'!$A:$I,6,FALSE),Events!$B:$D,3,FALSE)) -> E021 | Y484: =IF( ISNA(MATCH(Y$1,Events!$A:$A,0)), 0, VLOOKUP( VLOOKUP($A484,'[4]OSMEC ID + EVENT'!$A:$I,7,FALSE),Events!$B:$D,3,FALSE)) -> E022 | Z484: =IF( ISNA(MATCH(Z$1,Events!$A:$A,0)), 0, VLOOKUP( VLOOKUP($A484,'[4]OSMEC ID + EVENT'!$A:$I,8,FALSE),Events!$B:$D,3,FALSE)) -> E023 | AA484: =IFERROR( VLOOKUP( VLOOKUP(A484,'[5]OSMEC ID + SUBJECT'!$A:$B,2,FALSE),Subjects!$B:$D,3,FALSE),"") | AB484: =IFERROR( VLOOKUP( VLOOKUP(A484,'[6]OSMEC ID + SUBJECT'!$A:$B,2,FALSE),Subjects!B:D,3,FALSE),"") | AC484: =IFERROR( VLOOKUP( VLOOKUP(A484,'[7]OSMEC-ID + SESSION'!$A:$B,2,FALSE),Subjects!$B:$D,3,FALSE),"") | AD484: =IFERROR( VLOOKUP( VLOOKUP(A484,'[8]OSMEC ID + SESSION'!$A:$B,2,FALSE),Subjects!$B:$D,3,FALSE),"") | AE484: =IFERROR( VLOOKUP( VLOOKUP(A484,'[9]OSMEC ID + SUBJECT'!$A:$B,2,FALSE),Subjects!$B:$D,3,FALSE),"") | AF484: =IFERROR( VLOOKUP( VLOOKUP(A484,'[10]OSMEC ID + SESSION'!$A:$B,2,FALSE),Subjects!$B:$D,3),"")
A485: =Deligate_List!A485 -> OSMEC-0535 | B485: =VLOOKUP(A485,Deligate_List!A:B,2,FALSE) -> SAFURA KHAIR | C485: =IFERROR( VLOOKUP( VLOOKUP($A485,'[1]OSMEC ID + WORKSHOP'!$A:$B,2,FALSE),Workshop!A:C,3,FALSE),"") -> W007 | D485: =IF($D$1 =Events!$A$2, VLOOKUP( VLOOKUP($A485,'[2]OSMEC ID + EVENT'!$A:$E,2,FALSE),Events!$B:$D,3,FALSE)) -> E001 | E485: =IF(E$1=Events!$A$3, VLOOKUP( VLOOKUP($A485,'[2]OSMEC ID + EVENT'!$A:$E,3,FALSE),Events!B:D,3,FALSE)) -> E002 | F485: =IF($F$1=Events!$A$4, VLOOKUP( VLOOKUP($A486,'[2]OSMEC ID + EVENT'!$A:$E,4,FALSE),Events!B:D,3,FALSE),) -> E003 | G485: =IF($G$1=Events!$A$5, VLOOKUP( VLOOKUP($A486,'[2]OSMEC ID + EVENT'!$A:$E,5,FALSE),Events!$B:$D,3,FALSE),) -> E004 | H485: =IF($H$1= VLOOKUP($H$1,Events!$A:$D,1,FALSE), VLOOKUP( VLOOKUP(A485,'[3]OSMEC ID + EVENT'!$A:$M,2,FALSE),Events!B:D,3,FALSE),) -> E005 | I485: =IF(I$1= VLOOKUP(I$1,Events!$A:$D,1,FALSE), VLOOKUP( VLOOKUP($A485,'[3]OSMEC ID + EVENT'!$A:$M,3,FALSE),Events!$B:$D,3,FALSE),) -> E006 | J485: =IF(J$1= VLOOKUP(J$1,Events!$A:$D,1,FALSE), VLOOKUP( VLOOKUP($A485,'[3]OSMEC ID + EVENT'!$A:$M,4,FALSE),Events!$B:$D,3,FALSE),) -> E007 | K485: =IF(K$1= VLOOKUP(K$1,Events!$A:$D,1,FALSE), VLOOKUP( VLOOKUP($A485,'[3]OSMEC ID + EVENT'!$A:$M,5,FALSE),Events!$B:$D,3,FALSE),) -> E008 | L485: =IF(L$1= VLOOKUP(L$1,Events!$A:$D,1,FALSE), VLOOKUP( VLOOKUP($A485,'[3]OSMEC ID + EVENT'!$A:$M,6,FALSE),Events!$B:$D,3,FALSE),) -> E009 | M485: =IF(M$1= VLOOKUP(M$1,Events!$A:$D,1,FALSE), VLOOKUP( VLOOKUP($A485,'[3]OSMEC ID + EVENT'!$A:$M,7,FALSE),Events!$B:$D,3,FALSE),) -> E010 | N485: =IF(N$1= VLOOKUP(N$1,Events!$A:$D,1,FALSE), VLOOKUP( VLOOKUP($A485,'[3]OSMEC ID + EVENT'!$A:$M,8,FALSE),Events!$B:$D,3,FALSE),) -> E011 | O485: =IF(O$1= VLOOKUP(O$1,Events!$A:$D,1,FALSE), VLOOKUP( VLOOKUP($A485,'[3]OSMEC ID + EVENT'!$A:$M,9,FALSE),Events!$B:$D,3,FALSE),) -> E012 | P485: =IF(P$1= VLOOKUP(P$1,Events!$A:$D,1,FALSE), VLOOKUP( VLOOKUP($A485,'[3]OSMEC ID + EVENT'!$A:$M,10,FALSE),Events!$B:$D,3,FALSE),) -> E013 | Q485: =IF(Q$1= VLOOKUP(Q$1,Events!$A:$D,1,FALSE), VLOOKUP( VLOOKUP($A485,'[3]OSMEC ID + EVENT'!$A:$M,11,FALSE),Events!$B:$D,3,FALSE),) -> E014 | R485: =IF(R$1= VLOOKUP(R$1,Events!$A:$D,1,FALSE), VLOOKUP( VLOOKUP($A485,'[3]OSMEC ID + EVENT'!$A:$M,12,FALSE),Events!$B:$D,3,FALSE),) -> E015 | S485: =IF(S$1= VLOOKUP(S$1,Events!$A:$D,1,FALSE), VLOOKUP( VLOOKUP($A485,'[3]OSMEC ID + EVENT'!$A:$M,13,FALSE),Events!$B:$D,3,FALSE),) -> E016 | T485: =IF( ISNA(MATCH(T$1,Events!$A:$A,0)), 0, VLOOKUP( VLOOKUP(A485,'[4]OSMEC ID + EVENT'!$A:$I,2,FALSE),Events!$B:$D,3,FALSE)) -> E017 | U485: =IF( ISNA(MATCH(U$1,Events!$A:$A,0)), 0, VLOOKUP( VLOOKUP($A485,'[4]OSMEC ID + EVENT'!$A:$I,3,FALSE),Events!$B:$D,3,FALSE)) -> E018 | V485: =IF( ISNA(MATCH(V$1,Events!$A:$A,0)), 0, VLOOKUP( VLOOKUP($A485,'[4]OSMEC ID + EVENT'!$A:$I,4,FALSE),Events!$B:$D,3,FALSE)) -> E019 | W485: =IF( ISNA(MATCH(W$1,Events!$A:$A,0)), 0, VLOOKUP( VLOOKUP($A485,'[4]OSMEC ID + EVENT'!$A:$I,5,FALSE),Events!$B:$D,3,FALSE)) -> E020 | X485: =IF( ISNA(MATCH(X$1,Events!$A:$A,0)), 0, VLOOKUP( VLOOKUP($A485,'[4]OSMEC ID + EVENT'!$A:$I,6,FALSE),Events!$B:$D,3,FALSE)) -> E021 | Y485: =IF( ISNA(MATCH(Y$1,Events!$A:$A,0)), 0, VLOOKUP( VLOOKUP($A485,'[4]OSMEC ID + EVENT'!$A:$I,7,FALSE),Events!$B:$D,3,FALSE)) -> E022 | Z485: =IF( ISNA(MATCH(Z$1,Events!$A:$A,0)), 0, VLOOKUP( VLOOKUP($A485,'[4]OSMEC ID + EVENT'!$A:$I,8,FALSE),Events!$B:$D,3,FALSE)) -> E023 | AA485: =IFERROR( VLOOKUP( VLOOKUP(A485,'[5]OSMEC ID + SUBJECT'!$A:$B,2,FALSE),Subjects!$B:$D,3,FALSE),"") | AB485: =IFERROR( VLOOKUP( VLOOKUP(A485,'[6]OSMEC ID + SUBJECT'!$A:$B,2,FALSE),Subjects!B:D,3,FALSE),"") | AC485: =IFERROR( VLOOKUP( VLOOKUP(A485,'[7]OSMEC-ID + SESSION'!$A:$B,2,FALSE),Subjects!$B:$D,3,FALSE),"") | AD485: =IFERROR( VLOOKUP( VLOOKUP(A485,'[8]OSMEC ID + SESSION'!$A:$B,2,FALSE),Subjects!$B:$D,3,FALSE),"") | AE485: =IFERROR( VLOOKUP( VLOOKUP(A485,'[9]OSMEC ID + SUBJECT'!$A:$B,2,FALSE),Subjects!$B:$D,3,FALSE),"") | AF485: =IFERROR( VLOOKUP( VLOOKUP(A485,'[10]OSMEC ID + SESSION'!$A:$B,2,FALSE),Subjects!$B:$D,3),"")
A486: =Deligate_List!A487 -> OSMEC-0534 | B486: =VLOOKUP(A486,Deligate_List!A:B,2,FALSE) -> UDDAMARRY SHASHI KIRAN | C486: =IFERROR( VLOOKUP( VLOOKUP($A486,'[1]OSMEC ID + WORKSHOP'!$A:$B,2,FALSE),Workshop!A:C,3,FALSE),"") -> W009 | D486: =IF($D$1 =Events!$A$2, VLOOKUP( VLOOKUP($A486,'[2]OSMEC ID + EVENT'!$A:$E,2,FALSE),Events!$B:$D,3,FALSE)) -> E001 | E486: =IF(E$1=Events!$A$3, VLOOKUP( VLOOKUP($A486,'[2]OSMEC ID + EVENT'!$A:$E,3,FALSE),Events!B:D,3,FALSE)) -> E002 | F486: =IF($F$1=Events!$A$4, VLOOKUP( VLOOKUP($A488,'[2]OSMEC ID + EVENT'!$A:$E,4,FALSE),Events!B:D,3,FALSE),) -> E003 | G486: =IF($G$1=Events!$A$5, VLOOKUP( VLOOKUP($A488,'[2]OSMEC ID + EVENT'!$A:$E,5,FALSE),Events!$B:$D,3,FALSE),) -> E004 | H486: =IF($H$1= VLOOKUP($H$1,Events!$A:$D,1,FALSE), VLOOKUP( VLOOKUP(A486,'[3]OSMEC ID + EVENT'!$A:$M,2,FALSE),Events!B:D,3,FALSE),) -> E005 | I486: =IF(I$1= VLOOKUP(I$1,Events!$A:$D,1,FALSE), VLOOKUP( VLOOKUP($A486,'[3]OSMEC ID + EVENT'!$A:$M,3,FALSE),Events!$B:$D,3,FALSE),) -> E006 | J486: =IF(J$1= VLOOKUP(J$1,Events!$A:$D,1,FALSE), VLOOKUP( VLOOKUP($A486,'[3]OSMEC ID + EVENT'!$A:$M,4,FALSE),Events!$B:$D,3,FALSE),) -> E007 | K486: =IF(K$1= VLOOKUP(K$1,Events!$A:$D,1,FALSE), VLOOKUP( VLOOKUP($A486,'[3]OSMEC ID + EVENT'!$A:$M,5,FALSE),Events!$B:$D,3,FALSE),) -> E008 | L486: =IF(L$1= VLOOKUP(L$1,Events!$A:$D,1,FALSE), VLOOKUP( VLOOKUP($A486,'[3]OSMEC ID + EVENT'!$A:$M,6,FALSE),Events!$B:$D,3,FALSE),) -> E009 | M486: =IF(M$1= VLOOKUP(M$1,Events!$A:$D,1,FALSE), VLOOKUP( VLOOKUP($A486,'[3]OSMEC ID + EVENT'!$A:$M,7,FALSE),Events!$B:$D,3,FALSE),) -> E010 | N486: =IF(N$1= VLOOKUP(N$1,Events!$A:$D,1,FALSE), VLOOKUP( VLOOKUP($A486,'[3]OSMEC ID + EVENT'!$A:$M,8,FALSE),Events!$B:$D,3,FALSE),) -> E011 | O486: =IF(O$1= VLOOKUP(O$1,Events!$A:$D,1,FALSE), VLOOKUP( VLOOKUP($A486,'[3]OSMEC ID + EVENT'!$A:$M,9,FALSE),Events!$B:$D,3,FALSE),) -> E012 | P486: =IF(P$1= VLOOKUP(P$1,Events!$A:$D,1,FALSE), VLOOKUP( VLOOKUP($A486,'[3]OSMEC ID + EVENT'!$A:$M,10,FALSE),Events!$B:$D,3,FALSE),) -> E013 | Q486: =IF(Q$1= VLOOKUP(Q$1,Events!$A:$D,1,FALSE), VLOOKUP( VLOOKUP($A486,'[3]OSMEC ID + EVENT'!$A:$M,11,FALSE),Events!$B:$D,3,FALSE),) -> E014 | R486: =IF(R$1= VLOOKUP(R$1,Events!$A:$D,1,FALSE), VLOOKUP( VLOOKUP($A486,'[3]OSMEC ID + EVENT'!$A:$M,12,FALSE),Events!$B:$D,3,FALSE),) -> E015 | S486: =IF(S$1= VLOOKUP(S$1,Events!$A:$D,1,FALSE), VLOOKUP( VLOOKUP($A486,'[3]OSMEC ID + EVENT'!$A:$M,13,FALSE),Events!$B:$D,3,FALSE),) -> E016 | T486: =IF( ISNA(MATCH(T$1,Events!$A:$A,0)), 0, VLOOKUP( VLOOKUP(A486,'[4]OSMEC ID + EVENT'!$A:$I,2,FALSE),Events!$B:$D,3,FALSE)) -> E017 | U486: =IF( ISNA(MATCH(U$1,Events!$A:$A,0)), 0, VLOOKUP( VLOOKUP($A486,'[4]OSMEC ID + EVENT'!$A:$I,3,FALSE),Events!$B:$D,3,FALSE)) -> E018 | V486: =IF( ISNA(MATCH(V$1,Events!$A:$A,0)), 0, VLOOKUP( VLOOKUP($A486,'[4]OSMEC ID + EVENT'!$A:$I,4,FALSE),Events!$B:$D,3,FALSE)) -> E019 | W486: =IF( ISNA(MATCH(W$1,Events!$A:$A,0)), 0, VLOOKUP( VLOOKUP($A486,'[4]OSMEC ID + EVENT'!$A:$I,5,FALSE),Events!$B:$D,3,FALSE)) -> E020 | X486: =IF( ISNA(MATCH(X$1,Events!$A:$A,0)), 0, VLOOKUP( VLOOKUP($A486,'[4]OSMEC ID + EVENT'!$A:$I,6,FALSE),Events!$B:$D,3,FALSE)) -> E021 | Y486: =IF( ISNA(MATCH(Y$1,Events!$A:$A,0)), 0, VLOOKUP( VLOOKUP($A486,'[4]OSMEC ID + EVENT'!$A:$I,7,FALSE),Events!$B:$D,3,FALSE)) -> E022 | Z486: =IF( ISNA(MATCH(Z$1,Events!$A:$A,0)), 0, VLOOKUP( VLOOKUP($A486,'[4]OSMEC ID + EVENT'!$A:$I,8,FALSE),Events!$B:$D,3,FALSE)) -> E023 | AA486: =IFERROR( VLOOKUP( VLOOKUP(A486,'[5]OSMEC ID + SUBJECT'!$A:$B,2,FALSE),Subjects!$B:$D,3,FALSE),"") | AB486: =IFERROR( VLOOKUP( VLOOKUP(A486,'[6]OSMEC ID + SUBJECT'!$A:$B,2,FALSE),Subjects!B:D,3,FALSE),"") | AC486: =IFERROR( VLOOKUP( VLOOKUP(A486,'[7]OSMEC-ID + SESSION'!$A:$B,2,FALSE),Subjects!$B:$D,3,FALSE),"") | AD486: =IFERROR( VLOOKUP( VLOOKUP(A486,'[8]OSMEC ID + SESSION'!$A:$B,2,FALSE),Subjects!$B:$D,3,FALSE),"") | AE486: =IFERROR( VLOOKUP( VLOOKUP(A486,'[9]OSMEC ID + SUBJECT'!$A:$B,2,FALSE),Subjects!$B:$D,3,FALSE),"") | AF486: =IFERROR( VLOOKUP( VLOOKUP(A486,'[10]OSMEC ID + SESSION'!$A:$B,2,FALSE),Subjects!$B:$D,3),"")
A487: =Deligate_List!A488 -> OSMEC-0543 | B487: =VLOOKUP(A487,Deligate_List!A:B,2,FALSE) -> SARIA TASNEEM | C487: =IFERROR( VLOOKUP( VLOOKUP($A487,'[1]OSMEC ID + WORKSHOP'!$A:$B,2,FALSE),Workshop!A:C,3,FALSE),"") | D487: =IF($D$1 =Events!$A$2, VLOOKUP( VLOOKUP($A487,'[2]OSMEC ID + EVENT'!$A:$E,2,FALSE),Events!$B:$D,3,FALSE)) -> E001 | E487: =IF(E$1=Events!$A$3, VLOOKUP( VLOOKUP($A487,'[2]OSMEC ID + EVENT'!$A:$E,3,FALSE),Events!B:D,3,FALSE)) -> E002 | F487: =IF($F$1=Events!$A$4, VLOOKUP( VLOOKUP($A489,'[2]OSMEC ID + EVENT'!$A:$E,4,FALSE),Events!B:D,3,FALSE),) -> E003 | G487: =IF($G$1=Events!$A$5, VLOOKUP( VLOOKUP($A489,'[2]OSMEC ID + EVENT'!$A:$E,5,FALSE),Events!$B:$D,3,FALSE),) -> E004 | H487: =IF($H$1= VLOOKUP($H$1,Events!$A:$D,1,FALSE), VLOOKUP( VLOOKUP(A487,'[3]OSMEC ID + EVENT'!$A:$M,2,FALSE),Events!B:D,3,FALSE),) -> E005 | I487: =IF(I$1= VLOOKUP(I$1,Events!$A:$D,1,FALSE), VLOOKUP( VLOOKUP($A487,'[3]OSMEC ID + EVENT'!$A:$M,3,FALSE),Events!$B:$D,3,FALSE),) -> E006 | J487: =IF(J$1= VLOOKUP(J$1,Events!$A:$D,1,FALSE), VLOOKUP( VLOOKUP($A487,'[3]OSMEC ID + EVENT'!$A:$M,4,FALSE),Events!$B:$D,3,FALSE),) -> E007 | K487: =IF(K$1= VLOOKUP(K$1,Events!$A:$D,1,FALSE), VLOOKUP( VLOOKUP($A487,'[3]OSMEC ID + EVENT'!$A:$M,5,FALSE),Events!$B:$D,3,FALSE),) -> E008 | L487: =IF(L$1= VLOOKUP(L$1,Events!$A:$D,1,FALSE), VLOOKUP( VLOOKUP($A487,'[3]OSMEC ID + EVENT'!$A:$M,6,FALSE),Events!$B:$D,3,FALSE),) -> E009 | M487: =IF(M$1= VLOOKUP(M$1,Events!$A:$D,1,FALSE), VLOOKUP( VLOOKUP($A487,'[3]OSMEC ID + EVENT'!$A:$M,7,FALSE),Events!$B:$D,3,FALSE),) -> E010 | N487: =IF(N$1= VLOOKUP(N$1,Events!$A:$D,1,FALSE), VLOOKUP( VLOOKUP($A487,'[3]OSMEC ID + EVENT'!$A:$M,8,FALSE),Events!$B:$D,3,FALSE),) -> E011 | O487: =IF(O$1= VLOOKUP(O$1,Events!$A:$D,1,FALSE), VLOOKUP( VLOOKUP($A487,'[3]OSMEC ID + EVENT'!$A:$M,9,FALSE),Events!$B:$D,3,FALSE),) -> E012 | P487: =IF(P$1= VLOOKUP(P$1,Events!$A:$D,1,FALSE), VLOOKUP( VLOOKUP($A487,'[3]OSMEC ID + EVENT'!$A:$M,10,FALSE),Events!$B:$D,3,FALSE),) -> E013 | Q487: =IF(Q$1= VLOOKUP(Q$1,Events!$A:$D,1,FALSE), VLOOKUP( VLOOKUP($A487,'[3]OSMEC ID + EVENT'!$A:$M,11,FALSE),Events!$B:$D,3,FALSE),) -> E014 | R487: =IF(R$1= VLOOKUP(R$1,Events!$A:$D,1,FALSE), VLOOKUP( VLOOKUP($A487,'[3]OSMEC ID + EVENT'!$A:$M,12,FALSE),Events!$B:$D,3,FALSE),) -> E015 | S487: =IF(S$1= VLOOKUP(S$1,Events!$A:$D,1,FALSE), VLOOKUP( VLOOKUP($A487,'[3]OSMEC ID + EVENT'!$A:$M,13,FALSE),Events!$B:$D,3,FALSE),) -> E016 | T487: =IF( ISNA(MATCH(T$1,Events!$A:$A,0)), 0, VLOOKUP( VLOOKUP(A487,'[4]OSMEC ID + EVENT'!$A:$I,2,FALSE),Events!$B:$D,3,FALSE)) -> E017 | U487: =IF( ISNA(MATCH(U$1,Events!$A:$A,0)), 0, VLOOKUP( VLOOKUP($A487,'[4]OSMEC ID + EVENT'!$A:$I,3,FALSE),Events!$B:$D,3,FALSE)) -> E018 | V487: =IF( ISNA(MATCH(V$1,Events!$A:$A,0)), 0, VLOOKUP( VLOOKUP($A487,'[4]OSMEC ID + EVENT'!$A:$I,4,FALSE),Events!$B:$D,3,FALSE)) -> E019 | W487: =IF( ISNA(MATCH(W$1,Events!$A:$A,0)), 0, VLOOKUP( VLOOKUP($A487,'[4]OSMEC ID + EVENT'!$A:$I,5,FALSE),Events!$B:$D,3,FALSE)) -> E020 | X487: =IF( ISNA(MATCH(X$1,Events!$A:$A,0)), 0, VLOOKUP( VLOOKUP($A487,'[4]OSMEC ID + EVENT'!$A:$I,6,FALSE),Events!$B:$D,3,FALSE)) -> E021 | Y487: =IF( ISNA(MATCH(Y$1,Events!$A:$A,0)), 0, VLOOKUP( VLOOKUP($A487,'[4]OSMEC ID + EVENT'!$A:$I,7,FALSE),Events!$B:$D,3,FALSE)) -> E022 | Z487: =IF( ISNA(MATCH(Z$1,Events!$A:$A,0)), 0, VLOOKUP( VLOOKUP($A487,'[4]OSMEC ID + EVENT'!$A:$I,8,FALSE),Events!$B:$D,3,FALSE)) -> E023 | AA487: =IFERROR( VLOOKUP( VLOOKUP(A487,'[5]OSMEC ID + SUBJECT'!$A:$B,2,FALSE),Subjects!$B:$D,3,FALSE),"") | AB487: =IFERROR( VLOOKUP( VLOOKUP(A487,'[6]OSMEC ID + SUBJECT'!$A:$B,2,FALSE),Subjects!B:D,3,FALSE),"") | AC487: =IFERROR( VLOOKUP( VLOOKUP(A487,'[7]OSMEC-ID + SESSION'!$A:$B,2,FALSE),Subjects!$B:$D,3,FALSE),"") | AD487: =IFERROR( VLOOKUP( VLOOKUP(A487,'[8]OSMEC ID + SESSION'!$A:$B,2,FALSE),Subjects!$B:$D,3,FALSE),"") | AE487: =IFERROR( VLOOKUP( VLOOKUP(A487,'[9]OSMEC ID + SUBJECT'!$A:$B,2,FALSE),Subjects!$B:$D,3,FALSE),"") | AF487: =IFERROR( VLOOKUP( VLOOKUP(A487,'[10]OSMEC ID + SESSION'!$A:$B,2,FALSE),Subjects!$B:$D,3),"")
A488: =Deligate_List!A489 -> OSMEC-0537 | B488: =VLOOKUP(A488,Deligate_List!A:B,2,FALSE) -> UPPALA RAVI TEJA | C488: =IFERROR( VLOOKUP( VLOOKUP($A488,'[1]OSMEC ID + WORKSHOP'!$A:$B,2,FALSE),Workshop!A:C,3,FALSE),"") | D488: =IF($D$1 =Events!$A$2, VLOOKUP( VLOOKUP($A488,'[2]OSMEC ID + EVENT'!$A:$E,2,FALSE),Events!$B:$D,3,FALSE)) -> E001 | E488: =IF(E$1=Events!$A$3, VLOOKUP( VLOOKUP($A488,'[2]OSMEC ID + EVENT'!$A:$E,3,FALSE),Events!B:D,3,FALSE)) -> E002 | F488: =IF($F$1=Events!$A$4, VLOOKUP( VLOOKUP($A490,'[2]OSMEC ID + EVENT'!$A:$E,4,FALSE),Events!B:D,3,FALSE),) -> E003 | G488: =IF($G$1=Events!$A$5, VLOOKUP( VLOOKUP($A490,'[2]OSMEC ID + EVENT'!$A:$E,5,FALSE),Events!$B:$D,3,FALSE),) -> E004 | H488: =IF($H$1= VLOOKUP($H$1,Events!$A:$D,1,FALSE), VLOOKUP( VLOOKUP(A488,'[3]OSMEC ID + EVENT'!$A:$M,2,FALSE),Events!B:D,3,FALSE),) -> E005 | I488: =IF(I$1= VLOOKUP(I$1,Events!$A:$D,1,FALSE), VLOOKUP( VLOOKUP($A488,'[3]OSMEC ID + EVENT'!$A:$M,3,FALSE),Events!$B:$D,3,FALSE),) -> E006 | J488: =IF(J$1= VLOOKUP(J$1,Events!$A:$D,1,FALSE), VLOOKUP( VLOOKUP($A488,'[3]OSMEC ID + EVENT'!$A:$M,4,FALSE),Events!$B:$D,3,FALSE),) -> E007 | K488: =IF(K$1= VLOOKUP(K$1,Events!$A:$D,1,FALSE), VLOOKUP( VLOOKUP($A488,'[3]OSMEC ID + EVENT'!$A:$M,5,FALSE),Events!$B:$D,3,FALSE),) -> E008 | L488: =IF(L$1= VLOOKUP(L$1,Events!$A:$D,1,FALSE), VLOOKUP( VLOOKUP($A488,'[3]OSMEC ID + EVENT'!$A:$M,6,FALSE),Events!$B:$D,3,FALSE),) -> E009 | M488: =IF(M$1= VLOOKUP(M$1,Events!$A:$D,1,FALSE), VLOOKUP( VLOOKUP($A488,'[3]OSMEC ID + EVENT'!$A:$M,7,FALSE),Events!$B:$D,3,FALSE),) -> E010 | N488: =IF(N$1= VLOOKUP(N$1,Events!$A:$D,1,FALSE), VLOOKUP( VLOOKUP($A488,'[3]OSMEC ID + EVENT'!$A:$M,8,FALSE),Events!$B:$D,3,FALSE),) -> E011 | O488: =IF(O$1= VLOOKUP(O$1,Events!$A:$D,1,FALSE), VLOOKUP( VLOOKUP($A488,'[3]OSMEC ID + EVENT'!$A:$M,9,FALSE),Events!$B:$D,3,FALSE),) -> E012 | P488: =IF(P$1= VLOOKUP(P$1,Events!$A:$D,1,FALSE), VLOOKUP( VLOOKUP($A488,'[3]OSMEC ID + EVENT'!$A:$M,10,FALSE),Events!$B:$D,3,FALSE),) -> E013 | Q488: =IF(Q$1= VLOOKUP(Q$1,Events!$A:$D,1,FALSE), VLOOKUP( VLOOKUP($A488,'[3]OSMEC ID + EVENT'!$A:$M,11,FALSE),Events!$B:$D,3,FALSE),) -> E014 | R488: =IF(R$1= VLOOKUP(R$1,Events!$A:$D,1,FALSE), VLOOKUP( VLOOKUP($A488,'[3]OSMEC ID + EVENT'!$A:$M,12,FALSE),Events!$B:$D,3,FALSE),) -> E015 | S488: =IF(S$1= VLOOKUP(S$1,Events!$A:$D,1,FALSE), VLOOKUP( VLOOKUP($A488,'[3]OSMEC ID + EVENT'!$A:$M,13,FALSE),Events!$B:$D,3,FALSE),) -> E016 | T488: =IF( ISNA(MATCH(T$1,Events!$A:$A,0)), 0, VLOOKUP( VLOOKUP(A488,'[4]OSMEC ID + EVENT'!$A:$I,2,FALSE),Events!$B:$D,3,FALSE)) -> E017 | U488: =IF( ISNA(MATCH(U$1,Events!$A:$A,0)), 0, VLOOKUP( VLOOKUP($A488,'[4]OSMEC ID + EVENT'!$A:$I,3,FALSE),Events!$B:$D,3,FALSE)) -> E018 | V488: =IF( ISNA(MATCH(V$1,Events!$A:$A,0)), 0, VLOOKUP( VLOOKUP($A488,'[4]OSMEC ID + EVENT'!$A:$I,4,FALSE),Events!$B:$D,3,FALSE)) -> E019 | W488: =IF( ISNA(MATCH(W$1,Events!$A:$A,0)), 0, VLOOKUP( VLOOKUP($A488,'[4]OSMEC ID + EVENT'!$A:$I,5,FALSE),Events!$B:$D,3,FALSE)) -> E020 | X488: =IF( ISNA(MATCH(X$1,Events!$A:$A,0)), 0, VLOOKUP( VLOOKUP($A488,'[4]OSMEC ID + EVENT'!$A:$I,6,FALSE),Events!$B:$D,3,FALSE)) -> E021 | Y488: =IF( ISNA(MATCH(Y$1,Events!$A:$A,0)), 0, VLOOKUP( VLOOKUP($A488,'[4]OSMEC ID + EVENT'!$A:$I,7,FALSE),Events!$B:$D,3,FALSE)) -> E022 | Z488: =IF( ISNA(MATCH(Z$1,Events!$A:$A,0)), 0, VLOOKUP( VLOOKUP($A488,'[4]OSMEC ID + EVENT'!$A:$I,8,FALSE),Events!$B:$D,3,FALSE)) -> E023 | AA488: =IFERROR( VLOOKUP( VLOOKUP(A488,'[5]OSMEC ID + SUBJECT'!$A:$B,2,FALSE),Subjects!$B:$D,3,FALSE),"") | AB488: =IFERROR( VLOOKUP( VLOOKUP(A488,'[6]OSMEC ID + SUBJECT'!$A:$B,2,FALSE),Subjects!B:D,3,FALSE),"") | AC488: =IFERROR( VLOOKUP( VLOOKUP(A488,'[7]OSMEC-ID + SESSION'!$A:$B,2,FALSE),Subjects!$B:$D,3,FALSE),"") | AD488: =IFERROR( VLOOKUP( VLOOKUP(A488,'[8]OSMEC ID + SESSION'!$A:$B,2,FALSE),Subjects!$B:$D,3,FALSE),"") | AE488: =IFERROR( VLOOKUP( VLOOKUP(A488,'[9]OSMEC ID + SUBJECT'!$A:$B,2,FALSE),Subjects!$B:$D,3,FALSE),"") | AF488: =IFERROR( VLOOKUP( VLOOKUP(A488,'[10]OSMEC ID + SESSION'!$A:$B,2,FALSE),Subjects!$B:$D,3),"")
A489: =Deligate_List!A490 -> OSMEC-0541 | B489: =VLOOKUP(A489,Deligate_List!A:B,2,FALSE) -> Venigalla Avyaja Om Sri | C489: =IFERROR( VLOOKUP( VLOOKUP($A489,'[1]OSMEC ID + WORKSHOP'!$A:$B,2,FALSE),Workshop!A:C,3,FALSE),"") -> W004 | D489: =IF($D$1 =Events!$A$2, VLOOKUP( VLOOKUP($A489,'[2]OSMEC ID + EVENT'!$A:$E,2,FALSE),Events!$B:$D,3,FALSE)) -> E001 | E489: =IF(E$1=Events!$A$3, VLOOKUP( VLOOKUP($A489,'[2]OSMEC ID + EVENT'!$A:$E,3,FALSE),Events!B:D,3,FALSE)) -> E002 | F489: =IF($F$1=Events!$A$4, VLOOKUP( VLOOKUP($A491,'[2]OSMEC ID + EVENT'!$A:$E,4,FALSE),Events!B:D,3,FALSE),) -> E003 | G489: =IF($G$1=Events!$A$5, VLOOKUP( VLOOKUP($A491,'[2]OSMEC ID + EVENT'!$A:$E,5,FALSE),Events!$B:$D,3,FALSE),) -> E004 | H489: =IF($H$1= VLOOKUP($H$1,Events!$A:$D,1,FALSE), VLOOKUP( VLOOKUP(A489,'[3]OSMEC ID + EVENT'!$A:$M,2,FALSE),Events!B:D,3,FALSE),) -> E005 | I489: =IF(I$1= VLOOKUP(I$1,Events!$A:$D,1,FALSE), VLOOKUP( VLOOKUP($A489,'[3]OSMEC ID + EVENT'!$A:$M,3,FALSE),Events!$B:$D,3,FALSE),) -> E006 | J489: =IF(J$1= VLOOKUP(J$1,Events!$A:$D,1,FALSE), VLOOKUP( VLOOKUP($A489,'[3]OSMEC ID + EVENT'!$A:$M,4,FALSE),Events!$B:$D,3,FALSE),) -> E007 | K489: =IF(K$1= VLOOKUP(K$1,Events!$A:$D,1,FALSE), VLOOKUP( VLOOKUP($A489,'[3]OSMEC ID + EVENT'!$A:$M,5,FALSE),Events!$B:$D,3,FALSE),) -> E008 | L489: =IF(L$1= VLOOKUP(L$1,Events!$A:$D,1,FALSE), VLOOKUP( VLOOKUP($A489,'[3]OSMEC ID + EVENT'!$A:$M,6,FALSE),Events!$B:$D,3,FALSE),) -> E009 | M489: =IF(M$1= VLOOKUP(M$1,Events!$A:$D,1,FALSE), VLOOKUP( VLOOKUP($A489,'[3]OSMEC ID + EVENT'!$A:$M,7,FALSE),Events!$B:$D,3,FALSE),) -> E010 | N489: =IF(N$1= VLOOKUP(N$1,Events!$A:$D,1,FALSE), VLOOKUP( VLOOKUP($A489,'[3]OSMEC ID + EVENT'!$A:$M,8,FALSE),Events!$B:$D,3,FALSE),) -> E011 | O489: =IF(O$1= VLOOKUP(O$1,Events!$A:$D,1,FALSE), VLOOKUP( VLOOKUP($A489,'[3]OSMEC ID + EVENT'!$A:$M,9,FALSE),Events!$B:$D,3,FALSE),) -> E012 | P489: =IF(P$1= VLOOKUP(P$1,Events!$A:$D,1,FALSE), VLOOKUP( VLOOKUP($A489,'[3]OSMEC ID + EVENT'!$A:$M,10,FALSE),Events!$B:$D,3,FALSE),) -> E013 | Q489: =IF(Q$1= VLOOKUP(Q$1,Events!$A:$D,1,FALSE), VLOOKUP( VLOOKUP($A489,'[3]OSMEC ID + EVENT'!$A:$M,11,FALSE),Events!$B:$D,3,FALSE),) -> E014 | R489: =IF(R$1= VLOOKUP(R$1,Events!$A:$D,1,FALSE), VLOOKUP( VLOOKUP($A489,'[3]OSMEC ID + EVENT'!$A:$M,12,FALSE),Events!$B:$D,3,FALSE),) -> E015 | S489: =IF(S$1= VLOOKUP(S$1,Events!$A:$D,1,FALSE), VLOOKUP( VLOOKUP($A489,'[3]OSMEC ID + EVENT'!$A:$M,13,FALSE),Events!$B:$D,3,FALSE),) -> E016 | T489: =IF( ISNA(MATCH(T$1,Events!$A:$A,0)), 0, VLOOKUP( VLOOKUP(A489,'[4]OSMEC ID + EVENT'!$A:$I,2,FALSE),Events!$B:$D,3,FALSE)) -> E017 | U489: =IF( ISNA(MATCH(U$1,Events!$A:$A,0)), 0, VLOOKUP( VLOOKUP($A489,'[4]OSMEC ID + EVENT'!$A:$I,3,FALSE),Events!$B:$D,3,FALSE)) -> E018 | V489: =IF( ISNA(MATCH(V$1,Events!$A:$A,0)), 0, VLOOKUP( VLOOKUP($A489,'[4]OSMEC ID + EVENT'!$A:$I,4,FALSE),Events!$B:$D,3,FALSE)) -> E019 | W489: =IF( ISNA(MATCH(W$1,Events!$A:$A,0)), 0, VLOOKUP( VLOOKUP($A489,'[4]OSMEC ID + EVENT'!$A:$I,5,FALSE),Events!$B:$D,3,FALSE)) -> E020 | X489: =IF( ISNA(MATCH(X$1,Events!$A:$A,0)), 0, VLOOKUP( VLOOKUP($A489,'[4]OSMEC ID + EVENT'!$A:$I,6,FALSE),Events!$B:$D,3,FALSE)) -> E021 | Y489: =IF( ISNA(MATCH(Y$1,Events!$A:$A,0)), 0, VLOOKUP( VLOOKUP($A489,'[4]OSMEC ID + EVENT'!$A:$I,7,FALSE),Events!$B:$D,3,FALSE)) -> E022 | Z489: =IF( ISNA(MATCH(Z$1,Events!$A:$A,0)), 0, VLOOKUP( VLOOKUP($A489,'[4]OSMEC ID + EVENT'!$A:$I,8,FALSE),Events!$B:$D,3,FALSE)) -> E023 | AA489: =IFERROR( VLOOKUP( VLOOKUP(A489,'[5]OSMEC ID + SUBJECT'!$A:$B,2,FALSE),Subjects!$B:$D,3,FALSE),"") | AB489: =IFERROR( VLOOKUP( VLOOKUP(A489,'[6]OSMEC ID + SUBJECT'!$A:$B,2,FALSE),Subjects!B:D,3,FALSE),"") | AC489: =IFERROR( VLOOKUP( VLOOKUP(A489,'[7]OSMEC-ID + SESSION'!$A:$B,2,FALSE),Subjects!$B:$D,3,FALSE),"") | AD489: =IFERROR( VLOOKUP( VLOOKUP(A489,'[8]OSMEC ID + SESSION'!$A:$B,2,FALSE),Subjects!$B:$D,3,FALSE),"") | AE489: =IFERROR( VLOOKUP( VLOOKUP(A489,'[9]OSMEC ID + SUBJECT'!$A:$B,2,FALSE),Subjects!$B:$D,3,FALSE),"") | AF489: =IFERROR( VLOOKUP( VLOOKUP(A489,'[10]OSMEC ID + SESSION'!$A:$B,2,FALSE),Subjects!$B:$D,3),"")
A490: =Deligate_List!A491 -> OSMEC-0540 | B490: =VLOOKUP(A490,Deligate_List!A:B,2,FALSE) -> MOHD MURTUZA | C490: =IFERROR( VLOOKUP( VLOOKUP($A490,'[1]OSMEC ID + WORKSHOP'!$A:$B,2,FALSE),Workshop!A:C,3,FALSE),"") | D490: =IF($D$1 =Events!$A$2, VLOOKUP( VLOOKUP($A490,'[2]OSMEC ID + EVENT'!$A:$E,2,FALSE),Events!$B:$D,3,FALSE)) -> E001 | E490: =IF(E$1=Events!$A$3, VLOOKUP( VLOOKUP($A490,'[2]OSMEC ID + EVENT'!$A:$E,3,FALSE),Events!B:D,3,FALSE)) -> E002 | F490: =IF($F$1=Events!$A$4, VLOOKUP( VLOOKUP($A492,'[2]OSMEC ID + EVENT'!$A:$E,4,FALSE),Events!B:D,3,FALSE),) -> E003 | G490: =IF($G$1=Events!$A$5, VLOOKUP( VLOOKUP($A492,'[2]OSMEC ID + EVENT'!$A:$E,5,FALSE),Events!$B:$D,3,FALSE),) -> E004 | H490: =IF($H$1= VLOOKUP($H$1,Events!$A:$D,1,FALSE), VLOOKUP( VLOOKUP(A490,'[3]OSMEC ID + EVENT'!$A:$M,2,FALSE),Events!B:D,3,FALSE),) -> E005 | I490: =IF(I$1= VLOOKUP(I$1,Events!$A:$D,1,FALSE), VLOOKUP( VLOOKUP($A490,'[3]OSMEC ID + EVENT'!$A:$M,3,FALSE),Events!$B:$D,3,FALSE),) -> E006 | J490: =IF(J$1= VLOOKUP(J$1,Events!$A:$D,1,FALSE), VLOOKUP( VLOOKUP($A490,'[3]OSMEC ID + EVENT'!$A:$M,4,FALSE),Events!$B:$D,3,FALSE),) -> E007 | K490: =IF(K$1= VLOOKUP(K$1,Events!$A:$D,1,FALSE), VLOOKUP( VLOOKUP($A490,'[3]OSMEC ID + EVENT'!$A:$M,5,FALSE),Events!$B:$D,3,FALSE),) -> E008 | L490: =IF(L$1= VLOOKUP(L$1,Events!$A:$D,1,FALSE), VLOOKUP( VLOOKUP($A490,'[3]OSMEC ID + EVENT'!$A:$M,6,FALSE),Events!$B:$D,3,FALSE),) -> E009 | M490: =IF(M$1= VLOOKUP(M$1,Events!$A:$D,1,FALSE), VLOOKUP( VLOOKUP($A490,'[3]OSMEC ID + EVENT'!$A:$M,7,FALSE),Events!$B:$D,3,FALSE),) -> E010 | N490: =IF(N$1= VLOOKUP(N$1,Events!$A:$D,1,FALSE), VLOOKUP( VLOOKUP($A490,'[3]OSMEC ID + EVENT'!$A:$M,8,FALSE),Events!$B:$D,3,FALSE),) -> E011 | O490: =IF(O$1= VLOOKUP(O$1,Events!$A:$D,1,FALSE), VLOOKUP( VLOOKUP($A490,'[3]OSMEC ID + EVENT'!$A:$M,9,FALSE),Events!$B:$D,3,FALSE),) -> E012 | P490: =IF(P$1= VLOOKUP(P$1,Events!$A:$D,1,FALSE), VLOOKUP( VLOOKUP($A490,'[3]OSMEC ID + EVENT'!$A:$M,10,FALSE),Events!$B:$D,3,FALSE),) -> E013 | Q490: =IF(Q$1= VLOOKUP(Q$1,Events!$A:$D,1,FALSE), VLOOKUP( VLOOKUP($A490,'[3]OSMEC ID + EVENT'!$A:$M,11,FALSE),Events!$B:$D,3,FALSE),) -> E014 | R490: =IF(R$1= VLOOKUP(R$1,Events!$A:$D,1,FALSE), VLOOKUP( VLOOKUP($A490,'[3]OSMEC ID + EVENT'!$A:$M,12,FALSE),Events!$B:$D,3,FALSE),) -> E015 | S490: =IF(S$1= VLOOKUP(S$1,Events!$A:$D,1,FALSE), VLOOKUP( VLOOKUP($A490,'[3]OSMEC ID + EVENT'!$A:$M,13,FALSE),Events!$B:$D,3,FALSE),) -> E016 | T490: =IF( ISNA(MATCH(T$1,Events!$A:$A,0)), 0, VLOOKUP( VLOOKUP(A490,'[4]OSMEC ID + EVENT'!$A:$I,2,FALSE),Events!$B:$D,3,FALSE)) -> E017 | U490: =IF( ISNA(MATCH(U$1,Events!$A:$A,0)), 0, VLOOKUP( VLOOKUP($A490,'[4]OSMEC ID + EVENT'!$A:$I,3,FALSE),Events!$B:$D,3,FALSE)) -> E018 | V490: =IF( ISNA(MATCH(V$1,Events!$A:$A,0)), 0, VLOOKUP( VLOOKUP($A490,'[4]OSMEC ID + EVENT'!$A:$I,4,FALSE),Events!$B:$D,3,FALSE)) -> E019 | W490: =IF( ISNA(MATCH(W$1,Events!$A:$A,0)), 0, VLOOKUP( VLOOKUP($A490,'[4]OSMEC ID + EVENT'!$A:$I,5,FALSE),Events!$B:$D,3,FALSE)) -> E020 | X490: =IF( ISNA(MATCH(X$1,Events!$A:$A,0)), 0, VLOOKUP( VLOOKUP($A490,'[4]OSMEC ID + EVENT'!$A:$I,6,FALSE),Events!$B:$D,3,FALSE)) -> E021 | Y490: =IF( ISNA(MATCH(Y$1,Events!$A:$A,0)), 0, VLOOKUP( VLOOKUP($A490,'[4]OSMEC ID + EVENT'!$A:$I,7,FALSE),Events!$B:$D,3,FALSE)) -> E022 | Z490: =IF( ISNA(MATCH(Z$1,Events!$A:$A,0)), 0, VLOOKUP( VLOOKUP($A490,'[4]OSMEC ID + EVENT'!$A:$I,8,FALSE),Events!$B:$D,3,FALSE)) -> E023 | AA490: =IFERROR( VLOOKUP( VLOOKUP(A490,'[5]OSMEC ID + SUBJECT'!$A:$B,2,FALSE),Subjects!$B:$D,3,FALSE),"") | AB490: =IFERROR( VLOOKUP( VLOOKUP(A490,'[6]OSMEC ID + SUBJECT'!$A:$B,2,FALSE),Subjects!B:D,3,FALSE),"") | AC490: =IFERROR( VLOOKUP( VLOOKUP(A490,'[7]OSMEC-ID + SESSION'!$A:$B,2,FALSE),Subjects!$B:$D,3,FALSE),"") | AD490: =IFERROR( VLOOKUP( VLOOKUP(A490,'[8]OSMEC ID + SESSION'!$A:$B,2,FALSE),Subjects!$B:$D,3,FALSE),"") | AE490: =IFERROR( VLOOKUP( VLOOKUP(A490,'[9]OSMEC ID + SUBJECT'!$A:$B,2,FALSE),Subjects!$B:$D,3,FALSE),"") | AF490: =IFERROR( VLOOKUP( VLOOKUP(A490,'[10]OSMEC ID + SESSION'!$A:$B,2,FALSE),Subjects!$B:$D,3),"")
A491: =Deligate_List!A492 -> OSMEC-0545 | B491: =VLOOKUP(A491,Deligate_List!A:B,2,FALSE) -> NAINIKA JAYANT | C491: =IFERROR( VLOOKUP( VLOOKUP($A491,'[1]OSMEC ID + WORKSHOP'!$A:$B,2,FALSE),Workshop!A:C,3,FALSE),"") | D491: =IF($D$1 =Events!$A$2, VLOOKUP( VLOOKUP($A491,'[2]OSMEC ID + EVENT'!$A:$E,2,FALSE),Events!$B:$D,3,FALSE)) -> E001 | E491: =IF(E$1=Events!$A$3, VLOOKUP( VLOOKUP($A491,'[2]OSMEC ID + EVENT'!$A:$E,3,FALSE),Events!B:D,3,FALSE)) -> E002 | F491: =IF($F$1=Events!$A$4, VLOOKUP( VLOOKUP($A493,'[2]OSMEC ID + EVENT'!$A:$E,4,FALSE),Events!B:D,3,FALSE),) -> E003 | G491: =IF($G$1=Events!$A$5, VLOOKUP( VLOOKUP($A493,'[2]OSMEC ID + EVENT'!$A:$E,5,FALSE),Events!$B:$D,3,FALSE),) -> E004 | H491: =IF($H$1= VLOOKUP($H$1,Events!$A:$D,1,FALSE), VLOOKUP( VLOOKUP(A491,'[3]OSMEC ID + EVENT'!$A:$M,2,FALSE),Events!B:D,3,FALSE),) -> E005 | I491: =IF(I$1= VLOOKUP(I$1,Events!$A:$D,1,FALSE), VLOOKUP( VLOOKUP($A491,'[3]OSMEC ID + EVENT'!$A:$M,3,FALSE),Events!$B:$D,3,FALSE),) -> E006 | J491: =IF(J$1= VLOOKUP(J$1,Events!$A:$D,1,FALSE), VLOOKUP( VLOOKUP($A491,'[3]OSMEC ID + EVENT'!$A:$M,4,FALSE),Events!$B:$D,3,FALSE),) -> E007 | K491: =IF(K$1= VLOOKUP(K$1,Events!$A:$D,1,FALSE), VLOOKUP( VLOOKUP($A491,'[3]OSMEC ID + EVENT'!$A:$M,5,FALSE),Events!$B:$D,3,FALSE),) -> E008 | L491: =IF(L$1= VLOOKUP(L$1,Events!$A:$D,1,FALSE), VLOOKUP( VLOOKUP($A491,'[3]OSMEC ID + EVENT'!$A:$M,6,FALSE),Events!$B:$D,3,FALSE),) -> E009 | M491: =IF(M$1= VLOOKUP(M$1,Events!$A:$D,1,FALSE), VLOOKUP( VLOOKUP($A491,'[3]OSMEC ID + EVENT'!$A:$M,7,FALSE),Events!$B:$D,3,FALSE),) -> E010 | N491: =IF(N$1= VLOOKUP(N$1,Events!$A:$D,1,FALSE), VLOOKUP( VLOOKUP($A491,'[3]OSMEC ID + EVENT'!$A:$M,8,FALSE),Events!$B:$D,3,FALSE),) -> E011 | O491: =IF(O$1= VLOOKUP(O$1,Events!$A:$D,1,FALSE), VLOOKUP( VLOOKUP($A491,'[3]OSMEC ID + EVENT'!$A:$M,9,FALSE),Events!$B:$D,3,FALSE),) -> E012 | P491: =IF(P$1= VLOOKUP(P$1,Events!$A:$D,1,FALSE), VLOOKUP( VLOOKUP($A491,'[3]OSMEC ID + EVENT'!$A:$M,10,FALSE),Events!$B:$D,3,FALSE),) -> E013 | Q491: =IF(Q$1= VLOOKUP(Q$1,Events!$A:$D,1,FALSE), VLOOKUP( VLOOKUP($A491,'[3]OSMEC ID + EVENT'!$A:$M,11,FALSE),Events!$B:$D,3,FALSE),) -> E014 | R491: =IF(R$1= VLOOKUP(R$1,Events!$A:$D,1,FALSE), VLOOKUP( VLOOKUP($A491,'[3]OSMEC ID + EVENT'!$A:$M,12,FALSE),Events!$B:$D,3,FALSE),) -> E015 | S491: =IF(S$1= VLOOKUP(S$1,Events!$A:$D,1,FALSE), VLOOKUP( VLOOKUP($A491,'[3]OSMEC ID + EVENT'!$A:$M,13,FALSE),Events!$B:$D,3,FALSE),) -> E016 | T491: =IF( ISNA(MATCH(T$1,Events!$A:$A,0)), 0, VLOOKUP( VLOOKUP(A491,'[4]OSMEC ID + EVENT'!$A:$I,2,FALSE),Events!$B:$D,3,FALSE)) -> E017 | U491: =IF( ISNA(MATCH(U$1,Events!$A:$A,0)), 0, VLOOKUP( VLOOKUP($A491,'[4]OSMEC ID + EVENT'!$A:$I,3,FALSE),Events!$B:$D,3,FALSE)) -> E018 | V491: =IF( ISNA(MATCH(V$1,Events!$A:$A,0)), 0, VLOOKUP( VLOOKUP($A491,'[4]OSMEC ID + EVENT'!$A:$I,4,FALSE),Events!$B:$D,3,FALSE)) -> E019 | W491: =IF( ISNA(MATCH(W$1,Events!$A:$A,0)), 0, VLOOKUP( VLOOKUP($A491,'[4]OSMEC ID + EVENT'!$A:$I,5,FALSE),Events!$B:$D,3,FALSE)) -> E020 | X491: =IF( ISNA(MATCH(X$1,Events!$A:$A,0)), 0, VLOOKUP( VLOOKUP($A491,'[4]OSMEC ID + EVENT'!$A:$I,6,FALSE),Events!$B:$D,3,FALSE)) -> E021 | Y491: =IF( ISNA(MATCH(Y$1,Events!$A:$A,0)), 0, VLOOKUP( VLOOKUP($A491,'[4]OSMEC ID + EVENT'!$A:$I,7,FALSE),Events!$B:$D,3,FALSE)) -> E022 | Z491: =IF( ISNA(MATCH(Z$1,Events!$A:$A,0)), 0, VLOOKUP( VLOOKUP($A491,'[4]OSMEC ID + EVENT'!$A:$I,8,FALSE),Events!$B:$D,3,FALSE)) -> E023 | AA491: =IFERROR( VLOOKUP( VLOOKUP(A491,'[5]OSMEC ID + SUBJECT'!$A:$B,2,FALSE),Subjects!$B:$D,3,FALSE),"") | AB491: =IFERROR( VLOOKUP( VLOOKUP(A491,'[6]OSMEC ID + SUBJECT'!$A:$B,2,FALSE),Subjects!B:D,3,FALSE),"") | AC491: =IFERROR( VLOOKUP( VLOOKUP(A491,'[7]OSMEC-ID + SESSION'!$A:$B,2,FALSE),Subjects!$B:$D,3,FALSE),"") | AD491: =IFERROR( VLOOKUP( VLOOKUP(A491,'[8]OSMEC ID + SESSION'!$A:$B,2,FALSE),Subjects!$B:$D,3,FALSE),"") | AE491: =IFERROR( VLOOKUP( VLOOKUP(A491,'[9]OSMEC ID + SUBJECT'!$A:$B,2,FALSE),Subjects!$B:$D,3,FALSE),"") | AF491: =IFERROR( VLOOKUP( VLOOKUP(A491,'[10]OSMEC ID + SESSION'!$A:$B,2,FALSE),Subjects!$B:$D,3),"")
A492: =Deligate_List!A493 -> OSMEC-0549 | B492: =VLOOKUP(A492,Deligate_List!A:B,2,FALSE) -> SUMMAYYA SULTANA | C492: =IFERROR( VLOOKUP( VLOOKUP($A492,'[1]OSMEC ID + WORKSHOP'!$A:$B,2,FALSE),Workshop!A:C,3,FALSE),"") | D492: =IF($D$1 =Events!$A$2, VLOOKUP( VLOOKUP($A492,'[2]OSMEC ID + EVENT'!$A:$E,2,FALSE),Events!$B:$D,3,FALSE)) -> E001 | E492: =IF(E$1=Events!$A$3, VLOOKUP( VLOOKUP($A492,'[2]OSMEC ID + EVENT'!$A:$E,3,FALSE),Events!B:D,3,FALSE)) -> E002 | F492: =IF($F$1=Events!$A$4, VLOOKUP( VLOOKUP($A494,'[2]OSMEC ID + EVENT'!$A:$E,4,FALSE),Events!B:D,3,FALSE),) -> E003 | G492: =IF($G$1=Events!$A$5, VLOOKUP( VLOOKUP($A494,'[2]OSMEC ID + EVENT'!$A:$E,5,FALSE),Events!$B:$D,3,FALSE),) -> E004 | H492: =IF($H$1= VLOOKUP($H$1,Events!$A:$D,1,FALSE), VLOOKUP( VLOOKUP(A492,'[3]OSMEC ID + EVENT'!$A:$M,2,FALSE),Events!B:D,3,FALSE),) -> E005 | I492: =IF(I$1= VLOOKUP(I$1,Events!$A:$D,1,FALSE), VLOOKUP( VLOOKUP($A492,'[3]OSMEC ID + EVENT'!$A:$M,3,FALSE),Events!$B:$D,3,FALSE),) -> E006 | J492: =IF(J$1= VLOOKUP(J$1,Events!$A:$D,1,FALSE), VLOOKUP( VLOOKUP($A492,'[3]OSMEC ID + EVENT'!$A:$M,4,FALSE),Events!$B:$D,3,FALSE),) -> E007 | K492: =IF(K$1= VLOOKUP(K$1,Events!$A:$D,1,FALSE), VLOOKUP( VLOOKUP($A492,'[3]OSMEC ID + EVENT'!$A:$M,5,FALSE),Events!$B:$D,3,FALSE),) -> E008 | L492: =IF(L$1= VLOOKUP(L$1,Events!$A:$D,1,FALSE), VLOOKUP( VLOOKUP($A492,'[3]OSMEC ID + EVENT'!$A:$M,6,FALSE),Events!$B:$D,3,FALSE),) -> E009 | M492: =IF(M$1= VLOOKUP(M$1,Events!$A:$D,1,FALSE), VLOOKUP( VLOOKUP($A492,'[3]OSMEC ID + EVENT'!$A:$M,7,FALSE),Events!$B:$D,3,FALSE),) -> E010 | N492: =IF(N$1= VLOOKUP(N$1,Events!$A:$D,1,FALSE), VLOOKUP( VLOOKUP($A492,'[3]OSMEC ID + EVENT'!$A:$M,8,FALSE),Events!$B:$D,3,FALSE),) -> E011 | O492: =IF(O$1= VLOOKUP(O$1,Events!$A:$D,1,FALSE), VLOOKUP( VLOOKUP($A492,'[3]OSMEC ID + EVENT'!$A:$M,9,FALSE),Events!$B:$D,3,FALSE),) -> E012 | P492: =IF(P$1= VLOOKUP(P$1,Events!$A:$D,1,FALSE), VLOOKUP( VLOOKUP($A492,'[3]OSMEC ID + EVENT'!$A:$M,10,FALSE),Events!$B:$D,3,FALSE),) -> E013 | Q492: =IF(Q$1= VLOOKUP(Q$1,Events!$A:$D,1,FALSE), VLOOKUP( VLOOKUP($A492,'[3]OSMEC ID + EVENT'!$A:$M,11,FALSE),Events!$B:$D,3,FALSE),) -> E014 | R492: =IF(R$1= VLOOKUP(R$1,Events!$A:$D,1,FALSE), VLOOKUP( VLOOKUP($A492,'[3]OSMEC ID + EVENT'!$A:$M,12,FALSE),Events!$B:$D,3,FALSE),) -> E015 | S492: =IF(S$1= VLOOKUP(S$1,Events!$A:$D,1,FALSE), VLOOKUP( VLOOKUP($A492,'[3]OSMEC ID + EVENT'!$A:$M,13,FALSE),Events!$B:$D,3,FALSE),) -> E016 | T492: =IF( ISNA(MATCH(T$1,Events!$A:$A,0)), 0, VLOOKUP( VLOOKUP(A492,'[4]OSMEC ID + EVENT'!$A:$I,2,FALSE),Events!$B:$D,3,FALSE)) -> E017 | U492: =IF( ISNA(MATCH(U$1,Events!$A:$A,0)), 0, VLOOKUP( VLOOKUP($A492,'[4]OSMEC ID + EVENT'!$A:$I,3,FALSE),Events!$B:$D,3,FALSE)) -> E018 | V492: =IF( ISNA(MATCH(V$1,Events!$A:$A,0)), 0, VLOOKUP( VLOOKUP($A492,'[4]OSMEC ID + EVENT'!$A:$I,4,FALSE),Events!$B:$D,3,FALSE)) -> E019 | W492: =IF( ISNA(MATCH(W$1,Events!$A:$A,0)), 0, VLOOKUP( VLOOKUP($A492,'[4]OSMEC ID + EVENT'!$A:$I,5,FALSE),Events!$B:$D,3,FALSE)) -> E020 | X492: =IF( ISNA(MATCH(X$1,Events!$A:$A,0)), 0, VLOOKUP( VLOOKUP($A492,'[4]OSMEC ID + EVENT'!$A:$I,6,FALSE),Events!$B:$D,3,FALSE)) -> E021 | Y492: =IF( ISNA(MATCH(Y$1,Events!$A:$A,0)), 0, VLOOKUP( VLOOKUP($A492,'[4]OSMEC ID + EVENT'!$A:$I,7,FALSE),Events!$B:$D,3,FALSE)) -> E022 | Z492: =IF( ISNA(MATCH(Z$1,Events!$A:$A,0)), 0, VLOOKUP( VLOOKUP($A492,'[4]OSMEC ID + EVENT'!$A:$I,8,FALSE),Events!$B:$D,3,FALSE)) -> E023 | AA492: =IFERROR( VLOOKUP( VLOOKUP(A492,'[5]OSMEC ID + SUBJECT'!$A:$B,2,FALSE),Subjects!$B:$D,3,FALSE),"") | AB492: =IFERROR( VLOOKUP( VLOOKUP(A492,'[6]OSMEC ID + SUBJECT'!$A:$B,2,FALSE),Subjects!B:D,3,FALSE),"") | AC492: =IFERROR( VLOOKUP( VLOOKUP(A492,'[7]OSMEC-ID + SESSION'!$A:$B,2,FALSE),Subjects!$B:$D,3,FALSE),"") | AD492: =IFERROR( VLOOKUP( VLOOKUP(A492,'[8]OSMEC ID + SESSION'!$A:$B,2,FALSE),Subjects!$B:$D,3,FALSE),"") | AE492: =IFERROR( VLOOKUP( VLOOKUP(A492,'[9]OSMEC ID + SUBJECT'!$A:$B,2,FALSE),Subjects!$B:$D,3,FALSE),"") | AF492: =IFERROR( VLOOKUP( VLOOKUP(A492,'[10]OSMEC ID + SESSION'!$A:$B,2,FALSE),Subjects!$B:$D,3),"")
A493: =Deligate_List!A494 -> OSMEC-0550 | B493: =VLOOKUP(A493,Deligate_List!A:B,2,FALSE) -> AYESHA TARRANUM | C493: =IFERROR( VLOOKUP( VLOOKUP($A493,'[1]OSMEC ID + WORKSHOP'!$A:$B,2,FALSE),Workshop!A:C,3,FALSE),"") | D493: =IF($D$1 =Events!$A$2, VLOOKUP( VLOOKUP($A493,'[2]OSMEC ID + EVENT'!$A:$E,2,FALSE),Events!$B:$D,3,FALSE)) -> E001 | E493: =IF(E$1=Events!$A$3, VLOOKUP( VLOOKUP($A493,'[2]OSMEC ID + EVENT'!$A:$E,3,FALSE),Events!B:D,3,FALSE)) -> E002 | F493: =IF($F$1=Events!$A$4, VLOOKUP( VLOOKUP($A495,'[2]OSMEC ID + EVENT'!$A:$E,4,FALSE),Events!B:D,3,FALSE),) -> E003 | G493: =IF($G$1=Events!$A$5, VLOOKUP( VLOOKUP($A495,'[2]OSMEC ID + EVENT'!$A:$E,5,FALSE),Events!$B:$D,3,FALSE),) -> E004 | H493: =IF($H$1= VLOOKUP($H$1,Events!$A:$D,1,FALSE), VLOOKUP( VLOOKUP(A493,'[3]OSMEC ID + EVENT'!$A:$M,2,FALSE),Events!B:D,3,FALSE),) -> E005 | I493: =IF(I$1= VLOOKUP(I$1,Events!$A:$D,1,FALSE), VLOOKUP( VLOOKUP($A493,'[3]OSMEC ID + EVENT'!$A:$M,3,FALSE),Events!$B:$D,3,FALSE),) -> E006 | J493: =IF(J$1= VLOOKUP(J$1,Events!$A:$D,1,FALSE), VLOOKUP( VLOOKUP($A493,'[3]OSMEC ID + EVENT'!$A:$M,4,FALSE),Events!$B:$D,3,FALSE),) -> E007 | K493: =IF(K$1= VLOOKUP(K$1,Events!$A:$D,1,FALSE), VLOOKUP( VLOOKUP($A493,'[3]OSMEC ID + EVENT'!$A:$M,5,FALSE),Events!$B:$D,3,FALSE),) -> E008 | L493: =IF(L$1= VLOOKUP(L$1,Events!$A:$D,1,FALSE), VLOOKUP( VLOOKUP($A493,'[3]OSMEC ID + EVENT'!$A:$M,6,FALSE),Events!$B:$D,3,FALSE),) -> E009 | M493: =IF(M$1= VLOOKUP(M$1,Events!$A:$D,1,FALSE), VLOOKUP( VLOOKUP($A493,'[3]OSMEC ID + EVENT'!$A:$M,7,FALSE),Events!$B:$D,3,FALSE),) -> E010 | N493: =IF(N$1= VLOOKUP(N$1,Events!$A:$D,1,FALSE), VLOOKUP( VLOOKUP($A493,'[3]OSMEC ID + EVENT'!$A:$M,8,FALSE),Events!$B:$D,3,FALSE),) -> E011 | O493: =IF(O$1= VLOOKUP(O$1,Events!$A:$D,1,FALSE), VLOOKUP( VLOOKUP($A493,'[3]OSMEC ID + EVENT'!$A:$M,9,FALSE),Events!$B:$D,3,FALSE),) -> E012 | P493: =IF(P$1= VLOOKUP(P$1,Events!$A:$D,1,FALSE), VLOOKUP( VLOOKUP($A493,'[3]OSMEC ID + EVENT'!$A:$M,10,FALSE),Events!$B:$D,3,FALSE),) -> E013 | Q493: =IF(Q$1= VLOOKUP(Q$1,Events!$A:$D,1,FALSE), VLOOKUP( VLOOKUP($A493,'[3]OSMEC ID + EVENT'!$A:$M,11,FALSE),Events!$B:$D,3,FALSE),) -> E014 | R493: =IF(R$1= VLOOKUP(R$1,Events!$A:$D,1,FALSE), VLOOKUP( VLOOKUP($A493,'[3]OSMEC ID + EVENT'!$A:$M,12,FALSE),Events!$B:$D,3,FALSE),) -> E015 | S493: =IF(S$1= VLOOKUP(S$1,Events!$A:$D,1,FALSE), VLOOKUP( VLOOKUP($A493,'[3]OSMEC ID + EVENT'!$A:$M,13,FALSE),Events!$B:$D,3,FALSE),) -> E016 | T493: =IF( ISNA(MATCH(T$1,Events!$A:$A,0)), 0, VLOOKUP( VLOOKUP(A493,'[4]OSMEC ID + EVENT'!$A:$I,2,FALSE),Events!$B:$D,3,FALSE)) -> E017 | U493: =IF( ISNA(MATCH(U$1,Events!$A:$A,0)), 0, VLOOKUP( VLOOKUP($A493,'[4]OSMEC ID + EVENT'!$A:$I,3,FALSE),Events!$B:$D,3,FALSE)) -> E018 | V493: =IF( ISNA(MATCH(V$1,Events!$A:$A,0)), 0, VLOOKUP( VLOOKUP($A493,'[4]OSMEC ID + EVENT'!$A:$I,4,FALSE),Events!$B:$D,3,FALSE)) -> E019 | W493: =IF( ISNA(MATCH(W$1,Events!$A:$A,0)), 0, VLOOKUP( VLOOKUP($A493,'[4]OSMEC ID + EVENT'!$A:$I,5,FALSE),Events!$B:$D,3,FALSE)) -> E020 | X493: =IF( ISNA(MATCH(X$1,Events!$A:$A,0)), 0, VLOOKUP( VLOOKUP($A493,'[4]OSMEC ID + EVENT'!$A:$I,6,FALSE),Events!$B:$D,3,FALSE)) -> E021 | Y493: =IF( ISNA(MATCH(Y$1,Events!$A:$A,0)), 0, VLOOKUP( VLOOKUP($A493,'[4]OSMEC ID + EVENT'!$A:$I,7,FALSE),Events!$B:$D,3,FALSE)) -> E022 | Z493: =IF( ISNA(MATCH(Z$1,Events!$A:$A,0)), 0, VLOOKUP( VLOOKUP($A493,'[4]OSMEC ID + EVENT'!$A:$I,8,FALSE),Events!$B:$D,3,FALSE)) -> E023 | AA493: =IFERROR( VLOOKUP( VLOOKUP(A493,'[5]OSMEC ID + SUBJECT'!$A:$B,2,FALSE),Subjects!$B:$D,3,FALSE),"") | AB493: =IFERROR( VLOOKUP( VLOOKUP(A493,'[6]OSMEC ID + SUBJECT'!$A:$B,2,FALSE),Subjects!B:D,3,FALSE),"") | AC493: =IFERROR( VLOOKUP( VLOOKUP(A493,'[7]OSMEC-ID + SESSION'!$A:$B,2,FALSE),Subjects!$B:$D,3,FALSE),"") | AD493: =IFERROR( VLOOKUP( VLOOKUP(A493,'[8]OSMEC ID + SESSION'!$A:$B,2,FALSE),Subjects!$B:$D,3,FALSE),"") | AE493: =IFERROR( VLOOKUP( VLOOKUP(A493,'[9]OSMEC ID + SUBJECT'!$A:$B,2,FALSE),Subjects!$B:$D,3,FALSE),"") | AF493: =IFERROR( VLOOKUP( VLOOKUP(A493,'[10]OSMEC ID + SESSION'!$A:$B,2,FALSE),Subjects!$B:$D,3),"")
A494: =Deligate_List!A495 -> OSMEC-0548 | B494: =VLOOKUP(A494,Deligate_List!A:B,2,FALSE) -> SANA SHIREEN | C494: =IFERROR( VLOOKUP( VLOOKUP($A494,'[1]OSMEC ID + WORKSHOP'!$A:$B,2,FALSE),Workshop!A:C,3,FALSE),"") | D494: =IF($D$1 =Events!$A$2, VLOOKUP( VLOOKUP($A494,'[2]OSMEC ID + EVENT'!$A:$E,2,FALSE),Events!$B:$D,3,FALSE)) -> E001 | E494: =IF(E$1=Events!$A$3, VLOOKUP( VLOOKUP($A494,'[2]OSMEC ID + EVENT'!$A:$E,3,FALSE),Events!B:D,3,FALSE)) -> E002 | F494: =IF($F$1=Events!$A$4, VLOOKUP( VLOOKUP($A496,'[2]OSMEC ID + EVENT'!$A:$E,4,FALSE),Events!B:D,3,FALSE),) -> E003 | G494: =IF($G$1=Events!$A$5, VLOOKUP( VLOOKUP($A496,'[2]OSMEC ID + EVENT'!$A:$E,5,FALSE),Events!$B:$D,3,FALSE),) -> E004 | H494: =IF($H$1= VLOOKUP($H$1,Events!$A:$D,1,FALSE), VLOOKUP( VLOOKUP(A494,'[3]OSMEC ID + EVENT'!$A:$M,2,FALSE),Events!B:D,3,FALSE),) -> E005 | I494: =IF(I$1= VLOOKUP(I$1,Events!$A:$D,1,FALSE), VLOOKUP( VLOOKUP($A494,'[3]OSMEC ID + EVENT'!$A:$M,3,FALSE),Events!$B:$D,3,FALSE),) -> E006 | J494: =IF(J$1= VLOOKUP(J$1,Events!$A:$D,1,FALSE), VLOOKUP( VLOOKUP($A494,'[3]OSMEC ID + EVENT'!$A:$M,4,FALSE),Events!$B:$D,3,FALSE),) -> E007 | K494: =IF(K$1= VLOOKUP(K$1,Events!$A:$D,1,FALSE), VLOOKUP( VLOOKUP($A494,'[3]OSMEC ID + EVENT'!$A:$M,5,FALSE),Events!$B:$D,3,FALSE),) -> E008 | L494: =IF(L$1= VLOOKUP(L$1,Events!$A:$D,1,FALSE), VLOOKUP( VLOOKUP($A494,'[3]OSMEC ID + EVENT'!$A:$M,6,FALSE),Events!$B:$D,3,FALSE),) -> E009 | M494: =IF(M$1= VLOOKUP(M$1,Events!$A:$D,1,FALSE), VLOOKUP( VLOOKUP($A494,'[3]OSMEC ID + EVENT'!$A:$M,7,FALSE),Events!$B:$D,3,FALSE),) -> E010 | N494: =IF(N$1= VLOOKUP(N$1,Events!$A:$D,1,FALSE), VLOOKUP( VLOOKUP($A494,'[3]OSMEC ID + EVENT'!$A:$M,8,FALSE),Events!$B:$D,3,FALSE),) -> E011 | O494: =IF(O$1= VLOOKUP(O$1,Events!$A:$D,1,FALSE), VLOOKUP( VLOOKUP($A494,'[3]OSMEC ID + EVENT'!$A:$M,9,FALSE),Events!$B:$D,3,FALSE),) -> E012 | P494: =IF(P$1= VLOOKUP(P$1,Events!$A:$D,1,FALSE), VLOOKUP( VLOOKUP($A494,'[3]OSMEC ID + EVENT'!$A:$M,10,FALSE),Events!$B:$D,3,FALSE),) -> E013 | Q494: =IF(Q$1= VLOOKUP(Q$1,Events!$A:$D,1,FALSE), VLOOKUP( VLOOKUP($A494,'[3]OSMEC ID + EVENT'!$A:$M,11,FALSE),Events!$B:$D,3,FALSE),) -> E014 | R494: =IF(R$1= VLOOKUP(R$1,Events!$A:$D,1,FALSE), VLOOKUP( VLOOKUP($A494,'[3]OSMEC ID + EVENT'!$A:$M,12,FALSE),Events!$B:$D,3,FALSE),) -> E015 | S494: =IF(S$1= VLOOKUP(S$1,Events!$A:$D,1,FALSE), VLOOKUP( VLOOKUP($A494,'[3]OSMEC ID + EVENT'!$A:$M,13,FALSE),Events!$B:$D,3,FALSE),) -> E016 | T494: =IF( ISNA(MATCH(T$1,Events!$A:$A,0)), 0, VLOOKUP( VLOOKUP(A494,'[4]OSMEC ID + EVENT'!$A:$I,2,FALSE),Events!$B:$D,3,FALSE)) -> E017 | U494: =IF( ISNA(MATCH(U$1,Events!$A:$A,0)), 0, VLOOKUP( VLOOKUP($A494,'[4]OSMEC ID + EVENT'!$A:$I,3,FALSE),Events!$B:$D,3,FALSE)) -> E018 | V494: =IF( ISNA(MATCH(V$1,Events!$A:$A,0)), 0, VLOOKUP( VLOOKUP($A494,'[4]OSMEC ID + EVENT'!$A:$I,4,FALSE),Events!$B:$D,3,FALSE)) -> E019 | W494: =IF( ISNA(MATCH(W$1,Events!$A:$A,0)), 0, VLOOKUP( VLOOKUP($A494,'[4]OSMEC ID + EVENT'!$A:$I,5,FALSE),Events!$B:$D,3,FALSE)) -> E020 | X494: =IF( ISNA(MATCH(X$1,Events!$A:$A,0)), 0, VLOOKUP( VLOOKUP($A494,'[4]OSMEC ID + EVENT'!$A:$I,6,FALSE),Events!$B:$D,3,FALSE)) -> E021 | Y494: =IF( ISNA(MATCH(Y$1,Events!$A:$A,0)), 0, VLOOKUP( VLOOKUP($A494,'[4]OSMEC ID + EVENT'!$A:$I,7,FALSE),Events!$B:$D,3,FALSE)) -> E022 | Z494: =IF( ISNA(MATCH(Z$1,Events!$A:$A,0)), 0, VLOOKUP( VLOOKUP($A494,'[4]OSMEC ID + EVENT'!$A:$I,8,FALSE),Events!$B:$D,3,FALSE)) -> E023 | AA494: =IFERROR( VLOOKUP( VLOOKUP(A494,'[5]OSMEC ID + SUBJECT'!$A:$B,2,FALSE),Subjects!$B:$D,3,FALSE),"") | AB494: =IFERROR( VLOOKUP( VLOOKUP(A494,'[6]OSMEC ID + SUBJECT'!$A:$B,2,FALSE),Subjects!B:D,3,FALSE),"") | AC494: =IFERROR( VLOOKUP( VLOOKUP(A494,'[7]OSMEC-ID + SESSION'!$A:$B,2,FALSE),Subjects!$B:$D,3,FALSE),"") | AD494: =IFERROR( VLOOKUP( VLOOKUP(A494,'[8]OSMEC ID + SESSION'!$A:$B,2,FALSE),Subjects!$B:$D,3,FALSE),"") | AE494: =IFERROR( VLOOKUP( VLOOKUP(A494,'[9]OSMEC ID + SUBJECT'!$A:$B,2,FALSE),Subjects!$B:$D,3,FALSE),"") | AF494: =IFERROR( VLOOKUP( VLOOKUP(A494,'[10]OSMEC ID + SESSION'!$A:$B,2,FALSE),Subjects!$B:$D,3),"")
A495: =Deligate_List!A496 -> OSMEC-0552 | B495: =VLOOKUP(A495,Deligate_List!A:B,2,FALSE) -> SYED FARHAN QADRI | C495: =IFERROR( VLOOKUP( VLOOKUP($A495,'[1]OSMEC ID + WORKSHOP'!$A:$B,2,FALSE),Workshop!A:C,3,FALSE),"") | D495: =IF($D$1 =Events!$A$2, VLOOKUP( VLOOKUP($A495,'[2]OSMEC ID + EVENT'!$A:$E,2,FALSE),Events!$B:$D,3,FALSE)) -> E001 | E495: =IF(E$1=Events!$A$3, VLOOKUP( VLOOKUP($A495,'[2]OSMEC ID + EVENT'!$A:$E,3,FALSE),Events!B:D,3,FALSE)) -> E002 | F495: =IF($F$1=Events!$A$4, VLOOKUP( VLOOKUP($A497,'[2]OSMEC ID + EVENT'!$A:$E,4,FALSE),Events!B:D,3,FALSE),) -> E003 | G495: =IF($G$1=Events!$A$5, VLOOKUP( VLOOKUP($A497,'[2]OSMEC ID + EVENT'!$A:$E,5,FALSE),Events!$B:$D,3,FALSE),) -> E004 | H495: =IF($H$1= VLOOKUP($H$1,Events!$A:$D,1,FALSE), VLOOKUP( VLOOKUP(A495,'[3]OSMEC ID + EVENT'!$A:$M,2,FALSE),Events!B:D,3,FALSE),) -> E005 | I495: =IF(I$1= VLOOKUP(I$1,Events!$A:$D,1,FALSE), VLOOKUP( VLOOKUP($A495,'[3]OSMEC ID + EVENT'!$A:$M,3,FALSE),Events!$B:$D,3,FALSE),) -> E006 | J495: =IF(J$1= VLOOKUP(J$1,Events!$A:$D,1,FALSE), VLOOKUP( VLOOKUP($A495,'[3]OSMEC ID + EVENT'!$A:$M,4,FALSE),Events!$B:$D,3,FALSE),) -> E007 | K495: =IF(K$1= VLOOKUP(K$1,Events!$A:$D,1,FALSE), VLOOKUP( VLOOKUP($A495,'[3]OSMEC ID + EVENT'!$A:$M,5,FALSE),Events!$B:$D,3,FALSE),) -> E008 | L495: =IF(L$1= VLOOKUP(L$1,Events!$A:$D,1,FALSE), VLOOKUP( VLOOKUP($A495,'[3]OSMEC ID + EVENT'!$A:$M,6,FALSE),Events!$B:$D,3,FALSE),) -> E009 | M495: =IF(M$1= VLOOKUP(M$1,Events!$A:$D,1,FALSE), VLOOKUP( VLOOKUP($A495,'[3]OSMEC ID + EVENT'!$A:$M,7,FALSE),Events!$B:$D,3,FALSE),) -> E010 | N495: =IF(N$1= VLOOKUP(N$1,Events!$A:$D,1,FALSE), VLOOKUP( VLOOKUP($A495,'[3]OSMEC ID + EVENT'!$A:$M,8,FALSE),Events!$B:$D,3,FALSE),) -> E011 | O495: =IF(O$1= VLOOKUP(O$1,Events!$A:$D,1,FALSE), VLOOKUP( VLOOKUP($A495,'[3]OSMEC ID + EVENT'!$A:$M,9,FALSE),Events!$B:$D,3,FALSE),) -> E012 | P495: =IF(P$1= VLOOKUP(P$1,Events!$A:$D,1,FALSE), VLOOKUP( VLOOKUP($A495,'[3]OSMEC ID + EVENT'!$A:$M,10,FALSE),Events!$B:$D,3,FALSE),) -> E013 | Q495: =IF(Q$1= VLOOKUP(Q$1,Events!$A:$D,1,FALSE), VLOOKUP( VLOOKUP($A495,'[3]OSMEC ID + EVENT'!$A:$M,11,FALSE),Events!$B:$D,3,FALSE),) -> E014 | R495: =IF(R$1= VLOOKUP(R$1,Events!$A:$D,1,FALSE), VLOOKUP( VLOOKUP($A495,'[3]OSMEC ID + EVENT'!$A:$M,12,FALSE),Events!$B:$D,3,FALSE),) -> E015 | S495: =IF(S$1= VLOOKUP(S$1,Events!$A:$D,1,FALSE), VLOOKUP( VLOOKUP($A495,'[3]OSMEC ID + EVENT'!$A:$M,13,FALSE),Events!$B:$D,3,FALSE),) -> E016 | T495: =IF( ISNA(MATCH(T$1,Events!$A:$A,0)), 0, VLOOKUP( VLOOKUP(A495,'[4]OSMEC ID + EVENT'!$A:$I,2,FALSE),Events!$B:$D,3,FALSE)) -> E017 | U495: =IF( ISNA(MATCH(U$1,Events!$A:$A,0)), 0, VLOOKUP( VLOOKUP($A495,'[4]OSMEC ID + EVENT'!$A:$I,3,FALSE),Events!$B:$D,3,FALSE)) -> E018 | V495: =IF( ISNA(MATCH(V$1,Events!$A:$A,0)), 0, VLOOKUP( VLOOKUP($A495,'[4]OSMEC ID + EVENT'!$A:$I,4,FALSE),Events!$B:$D,3,FALSE)) -> E019 | W495: =IF( ISNA(MATCH(W$1,Events!$A:$A,0)), 0, VLOOKUP( VLOOKUP($A495,'[4]OSMEC ID + EVENT'!$A:$I,5,FALSE),Events!$B:$D,3,FALSE)) -> E020 | X495: =IF( ISNA(MATCH(X$1,Events!$A:$A,0)), 0, VLOOKUP( VLOOKUP($A495,'[4]OSMEC ID + EVENT'!$A:$I,6,FALSE),Events!$B:$D,3,FALSE)) -> E021 | Y495: =IF( ISNA(MATCH(Y$1,Events!$A:$A,0)), 0, VLOOKUP( VLOOKUP($A495,'[4]OSMEC ID + EVENT'!$A:$I,7,FALSE),Events!$B:$D,3,FALSE)) -> E022 | Z495: =IF( ISNA(MATCH(Z$1,Events!$A:$A,0)), 0, VLOOKUP( VLOOKUP($A495,'[4]OSMEC ID + EVENT'!$A:$I,8,FALSE),Events!$B:$D,3,FALSE)) -> E023 | AA495: =IFERROR( VLOOKUP( VLOOKUP(A495,'[5]OSMEC ID + SUBJECT'!$A:$B,2,FALSE),Subjects!$B:$D,3,FALSE),"") | AB495: =IFERROR( VLOOKUP( VLOOKUP(A495,'[6]OSMEC ID + SUBJECT'!$A:$B,2,FALSE),Subjects!B:D,3,FALSE),"") | AC495: =IFERROR( VLOOKUP( VLOOKUP(A495,'[7]OSMEC-ID + SESSION'!$A:$B,2,FALSE),Subjects!$B:$D,3,FALSE),"") | AD495: =IFERROR( VLOOKUP( VLOOKUP(A495,'[8]OSMEC ID + SESSION'!$A:$B,2,FALSE),Subjects!$B:$D,3,FALSE),"") | AE495: =IFERROR( VLOOKUP( VLOOKUP(A495,'[9]OSMEC ID + SUBJECT'!$A:$B,2,FALSE),Subjects!$B:$D,3,FALSE),"") | AF495: =IFERROR( VLOOKUP( VLOOKUP(A495,'[10]OSMEC ID + SESSION'!$A:$B,2,FALSE),Subjects!$B:$D,3),"")
A496: =Deligate_List!A497 -> OSMEC-0555 | B496: =VLOOKUP(A496,Deligate_List!A:B,2,FALSE) -> SHREEYA KANAKAM | C496: =IFERROR( VLOOKUP( VLOOKUP($A496,'[1]OSMEC ID + WORKSHOP'!$A:$B,2,FALSE),Workshop!A:C,3,FALSE),"") -> W011 | D496: =IF($D$1 =Events!$A$2, VLOOKUP( VLOOKUP($A496,'[2]OSMEC ID + EVENT'!$A:$E,2,FALSE),Events!$B:$D,3,FALSE)) -> E001 | E496: =IF(E$1=Events!$A$3, VLOOKUP( VLOOKUP($A496,'[2]OSMEC ID + EVENT'!$A:$E,3,FALSE),Events!B:D,3,FALSE)) -> E002 | F496: =IF($F$1=Events!$A$4, VLOOKUP( VLOOKUP($A498,'[2]OSMEC ID + EVENT'!$A:$E,4,FALSE),Events!B:D,3,FALSE),) -> E003 | G496: =IF($G$1=Events!$A$5, VLOOKUP( VLOOKUP($A498,'[2]OSMEC ID + EVENT'!$A:$E,5,FALSE),Events!$B:$D,3,FALSE),) -> E004 | H496: =IF($H$1= VLOOKUP($H$1,Events!$A:$D,1,FALSE), VLOOKUP( VLOOKUP(A496,'[3]OSMEC ID + EVENT'!$A:$M,2,FALSE),Events!B:D,3,FALSE),) -> E005 | I496: =IF(I$1= VLOOKUP(I$1,Events!$A:$D,1,FALSE), VLOOKUP( VLOOKUP($A496,'[3]OSMEC ID + EVENT'!$A:$M,3,FALSE),Events!$B:$D,3,FALSE),) -> E006 | J496: =IF(J$1= VLOOKUP(J$1,Events!$A:$D,1,FALSE), VLOOKUP( VLOOKUP($A496,'[3]OSMEC ID + EVENT'!$A:$M,4,FALSE),Events!$B:$D,3,FALSE),) -> E007 | K496: =IF(K$1= VLOOKUP(K$1,Events!$A:$D,1,FALSE), VLOOKUP( VLOOKUP($A496,'[3]OSMEC ID + EVENT'!$A:$M,5,FALSE),Events!$B:$D,3,FALSE),) -> E008 | L496: =IF(L$1= VLOOKUP(L$1,Events!$A:$D,1,FALSE), VLOOKUP( VLOOKUP($A496,'[3]OSMEC ID + EVENT'!$A:$M,6,FALSE),Events!$B:$D,3,FALSE),) -> E009 | M496: =IF(M$1= VLOOKUP(M$1,Events!$A:$D,1,FALSE), VLOOKUP( VLOOKUP($A496,'[3]OSMEC ID + EVENT'!$A:$M,7,FALSE),Events!$B:$D,3,FALSE),) -> E010 | N496: =IF(N$1= VLOOKUP(N$1,Events!$A:$D,1,FALSE), VLOOKUP( VLOOKUP($A496,'[3]OSMEC ID + EVENT'!$A:$M,8,FALSE),Events!$B:$D,3,FALSE),) -> E011 | O496: =IF(O$1= VLOOKUP(O$1,Events!$A:$D,1,FALSE), VLOOKUP( VLOOKUP($A496,'[3]OSMEC ID + EVENT'!$A:$M,9,FALSE),Events!$B:$D,3,FALSE),) -> E012 | P496: =IF(P$1= VLOOKUP(P$1,Events!$A:$D,1,FALSE), VLOOKUP( VLOOKUP($A496,'[3]OSMEC ID + EVENT'!$A:$M,10,FALSE),Events!$B:$D,3,FALSE),) -> E013 | Q496: =IF(Q$1= VLOOKUP(Q$1,Events!$A:$D,1,FALSE), VLOOKUP( VLOOKUP($A496,'[3]OSMEC ID + EVENT'!$A:$M,11,FALSE),Events!$B:$D,3,FALSE),) -> E014 | R496: =IF(R$1= VLOOKUP(R$1,Events!$A:$D,1,FALSE), VLOOKUP( VLOOKUP($A496,'[3]OSMEC ID + EVENT'!$A:$M,12,FALSE),Events!$B:$D,3,FALSE),) -> E015 | S496: =IF(S$1= VLOOKUP(S$1,Events!$A:$D,1,FALSE), VLOOKUP( VLOOKUP($A496,'[3]OSMEC ID + EVENT'!$A:$M,13,FALSE),Events!$B:$D,3,FALSE),) -> E016 | T496: =IF( ISNA(MATCH(T$1,Events!$A:$A,0)), 0, VLOOKUP( VLOOKUP(A496,'[4]OSMEC ID + EVENT'!$A:$I,2,FALSE),Events!$B:$D,3,FALSE)) -> E017 | U496: =IF( ISNA(MATCH(U$1,Events!$A:$A,0)), 0, VLOOKUP( VLOOKUP($A496,'[4]OSMEC ID + EVENT'!$A:$I,3,FALSE),Events!$B:$D,3,FALSE)) -> E018 | V496: =IF( ISNA(MATCH(V$1,Events!$A:$A,0)), 0, VLOOKUP( VLOOKUP($A496,'[4]OSMEC ID + EVENT'!$A:$I,4,FALSE),Events!$B:$D,3,FALSE)) -> E019 | W496: =IF( ISNA(MATCH(W$1,Events!$A:$A,0)), 0, VLOOKUP( VLOOKUP($A496,'[4]OSMEC ID + EVENT'!$A:$I,5,FALSE),Events!$B:$D,3,FALSE)) -> E020 | X496: =IF( ISNA(MATCH(X$1,Events!$A:$A,0)), 0, VLOOKUP( VLOOKUP($A496,'[4]OSMEC ID + EVENT'!$A:$I,6,FALSE),Events!$B:$D,3,FALSE)) -> E021 | Y496: =IF( ISNA(MATCH(Y$1,Events!$A:$A,0)), 0, VLOOKUP( VLOOKUP($A496,'[4]OSMEC ID + EVENT'!$A:$I,7,FALSE),Events!$B:$D,3,FALSE)) -> E022 | Z496: =IF( ISNA(MATCH(Z$1,Events!$A:$A,0)), 0, VLOOKUP( VLOOKUP($A496,'[4]OSMEC ID + EVENT'!$A:$I,8,FALSE),Events!$B:$D,3,FALSE)) -> E023 | AA496: =IFERROR( VLOOKUP( VLOOKUP(A496,'[5]OSMEC ID + SUBJECT'!$A:$B,2,FALSE),Subjects!$B:$D,3,FALSE),"") | AB496: =IFERROR( VLOOKUP( VLOOKUP(A496,'[6]OSMEC ID + SUBJECT'!$A:$B,2,FALSE),Subjects!B:D,3,FALSE),"") | AC496: =IFERROR( VLOOKUP( VLOOKUP(A496,'[7]OSMEC-ID + SESSION'!$A:$B,2,FALSE),Subjects!$B:$D,3,FALSE),"") | AD496: =IFERROR( VLOOKUP( VLOOKUP(A496,'[8]OSMEC ID + SESSION'!$A:$B,2,FALSE),Subjects!$B:$D,3,FALSE),"") | AE496: =IFERROR( VLOOKUP( VLOOKUP(A496,'[9]OSMEC ID + SUBJECT'!$A:$B,2,FALSE),Subjects!$B:$D,3,FALSE),"") | AF496: =IFERROR( VLOOKUP( VLOOKUP(A496,'[10]OSMEC ID + SESSION'!$A:$B,2,FALSE),Subjects!$B:$D,3),"")
A497: =Deligate_List!A498 -> OSMEC-0558 | B497: =VLOOKUP(A497,Deligate_List!A:B,2,FALSE) -> SANOBAR SALAM | C497: =IFERROR( VLOOKUP( VLOOKUP($A497,'[1]OSMEC ID + WORKSHOP'!$A:$B,2,FALSE),Workshop!A:C,3,FALSE),"") | D497: =IF($D$1 =Events!$A$2, VLOOKUP( VLOOKUP($A497,'[2]OSMEC ID + EVENT'!$A:$E,2,FALSE),Events!$B:$D,3,FALSE)) -> E001 | E497: =IF(E$1=Events!$A$3, VLOOKUP( VLOOKUP($A497,'[2]OSMEC ID + EVENT'!$A:$E,3,FALSE),Events!B:D,3,FALSE)) -> E002 | F497: =IF($F$1=Events!$A$4, VLOOKUP( VLOOKUP($A499,'[2]OSMEC ID + EVENT'!$A:$E,4,FALSE),Events!B:D,3,FALSE),) -> E003 | G497: =IF($G$1=Events!$A$5, VLOOKUP( VLOOKUP($A499,'[2]OSMEC ID + EVENT'!$A:$E,5,FALSE),Events!$B:$D,3,FALSE),) -> E004 | H497: =IF($H$1= VLOOKUP($H$1,Events!$A:$D,1,FALSE), VLOOKUP( VLOOKUP(A497,'[3]OSMEC ID + EVENT'!$A:$M,2,FALSE),Events!B:D,3,FALSE),) -> E005 | I497: =IF(I$1= VLOOKUP(I$1,Events!$A:$D,1,FALSE), VLOOKUP( VLOOKUP($A497,'[3]OSMEC ID + EVENT'!$A:$M,3,FALSE),Events!$B:$D,3,FALSE),) -> E006 | J497: =IF(J$1= VLOOKUP(J$1,Events!$A:$D,1,FALSE), VLOOKUP( VLOOKUP($A497,'[3]OSMEC ID + EVENT'!$A:$M,4,FALSE),Events!$B:$D,3,FALSE),) -> E007 | K497: =IF(K$1= VLOOKUP(K$1,Events!$A:$D,1,FALSE), VLOOKUP( VLOOKUP($A497,'[3]OSMEC ID + EVENT'!$A:$M,5,FALSE),Events!$B:$D,3,FALSE),) -> E008 | L497: =IF(L$1= VLOOKUP(L$1,Events!$A:$D,1,FALSE), VLOOKUP( VLOOKUP($A497,'[3]OSMEC ID + EVENT'!$A:$M,6,FALSE),Events!$B:$D,3,FALSE),) -> E009 | M497: =IF(M$1= VLOOKUP(M$1,Events!$A:$D,1,FALSE), VLOOKUP( VLOOKUP($A497,'[3]OSMEC ID + EVENT'!$A:$M,7,FALSE),Events!$B:$D,3,FALSE),) -> E010 | N497: =IF(N$1= VLOOKUP(N$1,Events!$A:$D,1,FALSE), VLOOKUP( VLOOKUP($A497,'[3]OSMEC ID + EVENT'!$A:$M,8,FALSE),Events!$B:$D,3,FALSE),) -> E011 | O497: =IF(O$1= VLOOKUP(O$1,Events!$A:$D,1,FALSE), VLOOKUP( VLOOKUP($A497,'[3]OSMEC ID + EVENT'!$A:$M,9,FALSE),Events!$B:$D,3,FALSE),) -> E012 | P497: =IF(P$1= VLOOKUP(P$1,Events!$A:$D,1,FALSE), VLOOKUP( VLOOKUP($A497,'[3]OSMEC ID + EVENT'!$A:$M,10,FALSE),Events!$B:$D,3,FALSE),) -> E013 | Q497: =IF(Q$1= VLOOKUP(Q$1,Events!$A:$D,1,FALSE), VLOOKUP( VLOOKUP($A497,'[3]OSMEC ID + EVENT'!$A:$M,11,FALSE),Events!$B:$D,3,FALSE),) -> E014 | R497: =IF(R$1= VLOOKUP(R$1,Events!$A:$D,1,FALSE), VLOOKUP( VLOOKUP($A497,'[3]OSMEC ID + EVENT'!$A:$M,12,FALSE),Events!$B:$D,3,FALSE),) -> E015 | S497: =IF(S$1= VLOOKUP(S$1,Events!$A:$D,1,FALSE), VLOOKUP( VLOOKUP($A497,'[3]OSMEC ID + EVENT'!$A:$M,13,FALSE),Events!$B:$D,3,FALSE),) -> E016 | T497: =IF( ISNA(MATCH(T$1,Events!$A:$A,0)), 0, VLOOKUP( VLOOKUP(A497,'[4]OSMEC ID + EVENT'!$A:$I,2,FALSE),Events!$B:$D,3,FALSE)) -> E017 | U497: =IF( ISNA(MATCH(U$1,Events!$A:$A,0)), 0, VLOOKUP( VLOOKUP($A497,'[4]OSMEC ID + EVENT'!$A:$I,3,FALSE),Events!$B:$D,3,FALSE)) -> E018 | V497: =IF( ISNA(MATCH(V$1,Events!$A:$A,0)), 0, VLOOKUP( VLOOKUP($A497,'[4]OSMEC ID + EVENT'!$A:$I,4,FALSE),Events!$B:$D,3,FALSE)) -> E019 | W497: =IF( ISNA(MATCH(W$1,Events!$A:$A,0)), 0, VLOOKUP( VLOOKUP($A497,'[4]OSMEC ID + EVENT'!$A:$I,5,FALSE),Events!$B:$D,3,FALSE)) -> E020 | X497: =IF( ISNA(MATCH(X$1,Events!$A:$A,0)), 0, VLOOKUP( VLOOKUP($A497,'[4]OSMEC ID + EVENT'!$A:$I,6,FALSE),Events!$B:$D,3,FALSE)) -> E021 | Y497: =IF( ISNA(MATCH(Y$1,Events!$A:$A,0)), 0, VLOOKUP( VLOOKUP($A497,'[4]OSMEC ID + EVENT'!$A:$I,7,FALSE),Events!$B:$D,3,FALSE)) -> E022 | Z497: =IF( ISNA(MATCH(Z$1,Events!$A:$A,0)), 0, VLOOKUP( VLOOKUP($A497,'[4]OSMEC ID + EVENT'!$A:$I,8,FALSE),Events!$B:$D,3,FALSE)) -> E023 | AA497: =IFERROR( VLOOKUP( VLOOKUP(A497,'[5]OSMEC ID + SUBJECT'!$A:$B,2,FALSE),Subjects!$B:$D,3,FALSE),"") | AB497: =IFERROR( VLOOKUP( VLOOKUP(A497,'[6]OSMEC ID + SUBJECT'!$A:$B,2,FALSE),Subjects!B:D,3,FALSE),"") | AC497: =IFERROR( VLOOKUP( VLOOKUP(A497,'[7]OSMEC-ID + SESSION'!$A:$B,2,FALSE),Subjects!$B:$D,3,FALSE),"") | AD497: =IFERROR( VLOOKUP( VLOOKUP(A497,'[8]OSMEC ID + SESSION'!$A:$B,2,FALSE),Subjects!$B:$D,3,FALSE),"") | AE497: =IFERROR( VLOOKUP( VLOOKUP(A497,'[9]OSMEC ID + SUBJECT'!$A:$B,2,FALSE),Subjects!$B:$D,3,FALSE),"") | AF497: =IFERROR( VLOOKUP( VLOOKUP(A497,'[10]OSMEC ID + SESSION'!$A:$B,2,FALSE),Subjects!$B:$D,3),"")
... A614: =Deligate_List!A615 -> OSMEC-0722 | B614: =VLOOKUP(A614,Deligate_List!A:B,2,FALSE) -> MOHAMMED ULLAH | C614: =IFERROR( VLOOKUP( VLOOKUP($A614,'[1]OSMEC ID + WORKSHOP'!$A:$B,2,FALSE),Workshop!A:C,3,FALSE),"") | D614: =IF($D$1 =Events!$A$2, VLOOKUP( VLOOKUP($A614,'[2]OSMEC ID + EVENT'!$A:$E,2,FALSE),Events!$B:$D,3,FALSE)) -> E001 | E614: =IF(E$1=Events!$A$3, VLOOKUP( VLOOKUP($A614,'[2]OSMEC ID + EVENT'!$A:$E,3,FALSE),Events!B:D,3,FALSE)) -> E002 | F614: =IF($F$1=Events!$A$4, VLOOKUP( VLOOKUP($A616,'[2]OSMEC ID + EVENT'!$A:$E,4,FALSE),Events!B:D,3,FALSE),) -> E003 | G614: =IF($G$1=Events!$A$5, VLOOKUP( VLOOKUP($A616,'[2]OSMEC ID + EVENT'!$A:$E,5,FALSE),Events!$B:$D,3,FALSE),) -> E004 | H614: =IF($H$1= VLOOKUP($H$1,Events!$A:$D,1,FALSE), VLOOKUP( VLOOKUP(A614,'[3]OSMEC ID + EVENT'!$A:$M,2,FALSE),Events!B:D,3,FALSE),) -> E005 | I614: =IF(I$1= VLOOKUP(I$1,Events!$A:$D,1,FALSE), VLOOKUP( VLOOKUP($A614,'[3]OSMEC ID + EVENT'!$A:$M,3,FALSE),Events!$B:$D,3,FALSE),) -> E006 | J614: =IF(J$1= VLOOKUP(J$1,Events!$A:$D,1,FALSE), VLOOKUP( VLOOKUP($A614,'[3]OSMEC ID + EVENT'!$A:$M,4,FALSE),Events!$B:$D,3,FALSE),) -> E007 | K614: =IF(K$1= VLOOKUP(K$1,Events!$A:$D,1,FALSE), VLOOKUP( VLOOKUP($A614,'[3]OSMEC ID + EVENT'!$A:$M,5,FALSE),Events!$B:$D,3,FALSE),) -> E008 | L614: =IF(L$1= VLOOKUP(L$1,Events!$A:$D,1,FALSE), VLOOKUP( VLOOKUP($A614,'[3]OSMEC ID + EVENT'!$A:$M,6,FALSE),Events!$B:$D,3,FALSE),) -> E009 | M614: =IF(M$1= VLOOKUP(M$1,Events!$A:$D,1,FALSE), VLOOKUP( VLOOKUP($A614,'[3]OSMEC ID + EVENT'!$A:$M,7,FALSE),Events!$B:$D,3,FALSE),) -> E010 | N614: =IF(N$1= VLOOKUP(N$1,Events!$A:$D,1,FALSE), VLOOKUP( VLOOKUP($A614,'[3]OSMEC ID + EVENT'!$A:$M,8,FALSE),Events!$B:$D,3,FALSE),) -> E011 | O614: =IF(O$1= VLOOKUP(O$1,Events!$A:$D,1,FALSE), VLOOKUP( VLOOKUP($A614,'[3]OSMEC ID + EVENT'!$A:$M,9,FALSE),Events!$B:$D,3,FALSE),) -> E012 | P614: =IF(P$1= VLOOKUP(P$1,Events!$A:$D,1,FALSE), VLOOKUP( VLOOKUP($A614,'[3]OSMEC ID + EVENT'!$A:$M,10,FALSE),Events!$B:$D,3,FALSE),) -> E013 | Q614: =IF(Q$1= VLOOKUP(Q$1,Events!$A:$D,1,FALSE), VLOOKUP( VLOOKUP($A614,'[3]OSMEC ID + EVENT'!$A:$M,11,FALSE),Events!$B:$D,3,FALSE),) -> E014 | R614: =IF(R$1= VLOOKUP(R$1,Events!$A:$D,1,FALSE), VLOOKUP( VLOOKUP($A614,'[3]OSMEC ID + EVENT'!$A:$M,12,FALSE),Events!$B:$D,3,FALSE),) -> E015 | S614: =IF(S$1= VLOOKUP(S$1,Events!$A:$D,1,FALSE), VLOOKUP( VLOOKUP($A614,'[3]OSMEC ID + EVENT'!$A:$M,13,FALSE),Events!$B:$D,3,FALSE),) -> E016 | T614: =IF( ISNA(MATCH(T$1,Events!$A:$A,0)), 0, VLOOKUP( VLOOKUP(A614,'[4]OSMEC ID + EVENT'!$A:$I,2,FALSE),Events!$B:$D,3,FALSE)) -> E017 | U614: =IF( ISNA(MATCH(U$1,Events!$A:$A,0)), 0, VLOOKUP( VLOOKUP($A614,'[4]OSMEC ID + EVENT'!$A:$I,3,FALSE),Events!$B:$D,3,FALSE)) -> E018 | V614: =IF( ISNA(MATCH(V$1,Events!$A:$A,0)), 0, VLOOKUP( VLOOKUP($A614,'[4]OSMEC ID + EVENT'!$A:$I,4,FALSE),Events!$B:$D,3,FALSE)) -> E019 | W614: =IF( ISNA(MATCH(W$1,Events!$A:$A,0)), 0, VLOOKUP( VLOOKUP($A614,'[4]OSMEC ID + EVENT'!$A:$I,5,FALSE),Events!$B:$D,3,FALSE)) -> E020 | X614: =IF( ISNA(MATCH(X$1,Events!$A:$A,0)), 0, VLOOKUP( VLOOKUP($A614,'[4]OSMEC ID + EVENT'!$A:$I,6,FALSE),Events!$B:$D,3,FALSE)) -> E021 | Y614: =IF( ISNA(MATCH(Y$1,Events!$A:$A,0)), 0, VLOOKUP( VLOOKUP($A614,'[4]OSMEC ID + EVENT'!$A:$I,7,FALSE),Events!$B:$D,3,FALSE)) -> E022 | Z614: =IF( ISNA(MATCH(Z$1,Events!$A:$A,0)), 0, VLOOKUP( VLOOKUP($A614,'[4]OSMEC ID + EVENT'!$A:$I,8,FALSE),Events!$B:$D,3,FALSE)) -> E023 | AA614: =IFERROR( VLOOKUP( VLOOKUP(A614,'[5]OSMEC ID + SUBJECT'!$A:$B,2,FALSE),Subjects!$B:$D,3,FALSE),"") | AB614: =IFERROR( VLOOKUP( VLOOKUP(A614,'[6]OSMEC ID + SUBJECT'!$A:$B,2,FALSE),Subjects!B:D,3,FALSE),"") | AC614: =IFERROR( VLOOKUP( VLOOKUP(A614,'[7]OSMEC-ID + SESSION'!$A:$B,2,FALSE),Subjects!$B:$D,3,FALSE),"") | AD614: =IFERROR( VLOOKUP( VLOOKUP(A614,'[8]OSMEC ID + SESSION'!$A:$B,2,FALSE),Subjects!$B:$D,3,FALSE),"") | AE614: =IFERROR( VLOOKUP( VLOOKUP(A614,'[9]OSMEC ID + SUBJECT'!$A:$B,2,FALSE),Subjects!$B:$D,3,FALSE),"") | AF614: =IFERROR( VLOOKUP( VLOOKUP(A614,'[10]OSMEC ID + SESSION'!$A:$B,2,FALSE),Subjects!$B:$D,3),"")
A615: =Deligate_List!A616 -> OSMEC-0724 | B615: =VLOOKUP(A615,Deligate_List!A:B,2,FALSE) -> AANAM MINHAJ | C615: =IFERROR( VLOOKUP( VLOOKUP($A615,'[1]OSMEC ID + WORKSHOP'!$A:$B,2,FALSE),Workshop!A:C,3,FALSE),"") | D615: =IF($D$1 =Events!$A$2, VLOOKUP( VLOOKUP($A615,'[2]OSMEC ID + EVENT'!$A:$E,2,FALSE),Events!$B:$D,3,FALSE)) -> E001 | E615: =IF(E$1=Events!$A$3, VLOOKUP( VLOOKUP($A615,'[2]OSMEC ID + EVENT'!$A:$E,3,FALSE),Events!B:D,3,FALSE)) -> E002 | F615: =IF($F$1=Events!$A$4, VLOOKUP( VLOOKUP(#REF!,'[2]OSMEC ID + EVENT'!$A:$E,4,FALSE),Events!B:D,3,FALSE),) -> #REF! | G615: =IF($G$1=Events!$A$5, VLOOKUP( VLOOKUP(#REF!,'[2]OSMEC ID + EVENT'!$A:$E,5,FALSE),Events!$B:$D,3,FALSE),) -> #REF! | H615: =IF($H$1= VLOOKUP($H$1,Events!$A:$D,1,FALSE), VLOOKUP( VLOOKUP(A615,'[3]OSMEC ID + EVENT'!$A:$M,2,FALSE),Events!B:D,3,FALSE),) -> E005 | I615: =IF(I$1= VLOOKUP(I$1,Events!$A:$D,1,FALSE), VLOOKUP( VLOOKUP($A615,'[3]OSMEC ID + EVENT'!$A:$M,3,FALSE),Events!$B:$D,3,FALSE),) -> E006 | J615: =IF(J$1= VLOOKUP(J$1,Events!$A:$D,1,FALSE), VLOOKUP( VLOOKUP($A615,'[3]OSMEC ID + EVENT'!$A:$M,4,FALSE),Events!$B:$D,3,FALSE),) -> E007 | K615: =IF(K$1= VLOOKUP(K$1,Events!$A:$D,1,FALSE), VLOOKUP( VLOOKUP($A615,'[3]OSMEC ID + EVENT'!$A:$M,5,FALSE),Events!$B:$D,3,FALSE),) -> E008 | L615: =IF(L$1= VLOOKUP(L$1,Events!$A:$D,1,FALSE), VLOOKUP( VLOOKUP($A615,'[3]OSMEC ID + EVENT'!$A:$M,6,FALSE),Events!$B:$D,3,FALSE),) -> E009 | M615: =IF(M$1= VLOOKUP(M$1,Events!$A:$D,1,FALSE), VLOOKUP( VLOOKUP($A615,'[3]OSMEC ID + EVENT'!$A:$M,7,FALSE),Events!$B:$D,3,FALSE),) -> E010 | N615: =IF(N$1= VLOOKUP(N$1,Events!$A:$D,1,FALSE), VLOOKUP( VLOOKUP($A615,'[3]OSMEC ID + EVENT'!$A:$M,8,FALSE),Events!$B:$D,3,FALSE),) -> E011 | O615: =IF(O$1= VLOOKUP(O$1,Events!$A:$D,1,FALSE), VLOOKUP( VLOOKUP($A615,'[3]OSMEC ID + EVENT'!$A:$M,9,FALSE),Events!$B:$D,3,FALSE),) -> E012 | P615: =IF(P$1= VLOOKUP(P$1,Events!$A:$D,1,FALSE), VLOOKUP( VLOOKUP($A615,'[3]OSMEC ID + EVENT'!$A:$M,10,FALSE),Events!$B:$D,3,FALSE),) -> E013 | Q615: =IF(Q$1= VLOOKUP(Q$1,Events!$A:$D,1,FALSE), VLOOKUP( VLOOKUP($A615,'[3]OSMEC ID + EVENT'!$A:$M,11,FALSE),Events!$B:$D,3,FALSE),) -> E014 | R615: =IF(R$1= VLOOKUP(R$1,Events!$A:$D,1,FALSE), VLOOKUP( VLOOKUP($A615,'[3]OSMEC ID + EVENT'!$A:$M,12,FALSE),Events!$B:$D,3,FALSE),) -> E015 | S615: =IF(S$1= VLOOKUP(S$1,Events!$A:$D,1,FALSE), VLOOKUP( VLOOKUP($A615,'[3]OSMEC ID + EVENT'!$A:$M,13,FALSE),Events!$B:$D,3,FALSE),) -> E016 | T615: =IF( ISNA(MATCH(T$1,Events!$A:$A,0)), 0, VLOOKUP( VLOOKUP(A615,'[4]OSMEC ID + EVENT'!$A:$I,2,FALSE),Events!$B:$D,3,FALSE)) -> E017 | U615: =IF( ISNA(MATCH(U$1,Events!$A:$A,0)), 0, VLOOKUP( VLOOKUP($A615,'[4]OSMEC ID + EVENT'!$A:$I,3,FALSE),Events!$B:$D,3,FALSE)) -> E018 | V615: =IF( ISNA(MATCH(V$1,Events!$A:$A,0)), 0, VLOOKUP( VLOOKUP($A615,'[4]OSMEC ID + EVENT'!$A:$I,4,FALSE),Events!$B:$D,3,FALSE)) -> E019 | W615: =IF( ISNA(MATCH(W$1,Events!$A:$A,0)), 0, VLOOKUP( VLOOKUP($A615,'[4]OSMEC ID + EVENT'!$A:$I,5,FALSE),Events!$B:$D,3,FALSE)) -> E020 | X615: =IF( ISNA(MATCH(X$1,Events!$A:$A,0)), 0, VLOOKUP( VLOOKUP($A615,'[4]OSMEC ID + EVENT'!$A:$I,6,FALSE),Events!$B:$D,3,FALSE)) -> E021 | Y615: =IF( ISNA(MATCH(Y$1,Events!$A:$A,0)), 0, VLOOKUP( VLOOKUP($A615,'[4]OSMEC ID + EVENT'!$A:$I,7,FALSE),Events!$B:$D,3,FALSE)) -> E022 | Z615: =IF( ISNA(MATCH(Z$1,Events!$A:$A,0)), 0, VLOOKUP( VLOOKUP($A615,'[4]OSMEC ID + EVENT'!$A:$I,8,FALSE),Events!$B:$D,3,FALSE)) -> E023 | AA615: =IFERROR( VLOOKUP( VLOOKUP(A615,'[5]OSMEC ID + SUBJECT'!$A:$B,2,FALSE),Subjects!$B:$D,3,FALSE),"") | AB615: =IFERROR( VLOOKUP( VLOOKUP(A615,'[6]OSMEC ID + SUBJECT'!$A:$B,2,FALSE),Subjects!B:D,3,FALSE),"") | AC615: =IFERROR( VLOOKUP( VLOOKUP(A615,'[7]OSMEC-ID + SESSION'!$A:$B,2,FALSE),Subjects!$B:$D,3,FALSE),"") | AD615: =IFERROR( VLOOKUP( VLOOKUP(A615,'[8]OSMEC ID + SESSION'!$A:$B,2,FALSE),Subjects!$B:$D,3,FALSE),"") | AE615: =IFERROR( VLOOKUP( VLOOKUP(A615,'[9]OSMEC ID + SUBJECT'!$A:$B,2,FALSE),Subjects!$B:$D,3,FALSE),"") | AF615: =IFERROR( VLOOKUP( VLOOKUP(A615,'[10]OSMEC ID + SESSION'!$A:$B,2,FALSE),Subjects!$B:$D,3),"")
A616: =Deligate_List!A617 -> OSMEC-0725 | B616: =VLOOKUP(A616,Deligate_List!A:B,2,FALSE) -> SHAIK MOHAMMED ARSHAD | C616: =IFERROR( VLOOKUP( VLOOKUP($A616,'[1]OSMEC ID + WORKSHOP'!$A:$B,2,FALSE),Workshop!A:C,3,FALSE),"") | D616: =IF($D$1 =Events!$A$2, VLOOKUP( VLOOKUP($A616,'[2]OSMEC ID + EVENT'!$A:$E,2,FALSE),Events!$B:$D,3,FALSE)) -> E001 | E616: =IF(E$1=Events!$A$3, VLOOKUP( VLOOKUP($A616,'[2]OSMEC ID + EVENT'!$A:$E,3,FALSE),Events!B:D,3,FALSE)) -> E002 | F616: =IF($F$1=Events!$A$4, VLOOKUP( VLOOKUP($A617,'[2]OSMEC ID + EVENT'!$A:$E,4,FALSE),Events!B:D,3,FALSE),) -> E003 | G616: =IF($G$1=Events!$A$5, VLOOKUP( VLOOKUP($A617,'[2]OSMEC ID + EVENT'!$A:$E,5,FALSE),Events!$B:$D,3,FALSE),) -> E004 | H616: =IF($H$1= VLOOKUP($H$1,Events!$A:$D,1,FALSE), VLOOKUP( VLOOKUP(A616,'[3]OSMEC ID + EVENT'!$A:$M,2,FALSE),Events!B:D,3,FALSE),) -> E005 | I616: =IF(I$1= VLOOKUP(I$1,Events!$A:$D,1,FALSE), VLOOKUP( VLOOKUP($A616,'[3]OSMEC ID + EVENT'!$A:$M,3,FALSE),Events!$B:$D,3,FALSE),) -> E006 | J616: =IF(J$1= VLOOKUP(J$1,Events!$A:$D,1,FALSE), VLOOKUP( VLOOKUP($A616,'[3]OSMEC ID + EVENT'!$A:$M,4,FALSE),Events!$B:$D,3,FALSE),) -> E007 | K616: =IF(K$1= VLOOKUP(K$1,Events!$A:$D,1,FALSE), VLOOKUP( VLOOKUP($A616,'[3]OSMEC ID + EVENT'!$A:$M,5,FALSE),Events!$B:$D,3,FALSE),) -> E008 | L616: =IF(L$1= VLOOKUP(L$1,Events!$A:$D,1,FALSE), VLOOKUP( VLOOKUP($A616,'[3]OSMEC ID + EVENT'!$A:$M,6,FALSE),Events!$B:$D,3,FALSE),) -> E009 | M616: =IF(M$1= VLOOKUP(M$1,Events!$A:$D,1,FALSE), VLOOKUP( VLOOKUP($A616,'[3]OSMEC ID + EVENT'!$A:$M,7,FALSE),Events!$B:$D,3,FALSE),) -> E010 | N616: =IF(N$1= VLOOKUP(N$1,Events!$A:$D,1,FALSE), VLOOKUP( VLOOKUP($A616,'[3]OSMEC ID + EVENT'!$A:$M,8,FALSE),Events!$B:$D,3,FALSE),) -> E011 | O616: =IF(O$1= VLOOKUP(O$1,Events!$A:$D,1,FALSE), VLOOKUP( VLOOKUP($A616,'[3]OSMEC ID + EVENT'!$A:$M,9,FALSE),Events!$B:$D,3,FALSE),) -> E012 | P616: =IF(P$1= VLOOKUP(P$1,Events!$A:$D,1,FALSE), VLOOKUP( VLOOKUP($A616,'[3]OSMEC ID + EVENT'!$A:$M,10,FALSE),Events!$B:$D,3,FALSE),) -> E013 | Q616: =IF(Q$1= VLOOKUP(Q$1,Events!$A:$D,1,FALSE), VLOOKUP( VLOOKUP($A616,'[3]OSMEC ID + EVENT'!$A:$M,11,FALSE),Events!$B:$D,3,FALSE),) -> E014 | R616: =IF(R$1= VLOOKUP(R$1,Events!$A:$D,1,FALSE), VLOOKUP( VLOOKUP($A616,'[3]OSMEC ID + EVENT'!$A:$M,12,FALSE),Events!$B:$D,3,FALSE),) -> E015 | S616: =IF(S$1= VLOOKUP(S$1,Events!$A:$D,1,FALSE), VLOOKUP( VLOOKUP($A616,'[3]OSMEC ID + EVENT'!$A:$M,13,FALSE),Events!$B:$D,3,FALSE),) -> E016 | T616: =IF( ISNA(MATCH(T$1,Events!$A:$A,0)), 0, VLOOKUP( VLOOKUP(A616,'[4]OSMEC ID + EVENT'!$A:$I,2,FALSE),Events!$B:$D,3,FALSE)) -> E017 | U616: =IF( ISNA(MATCH(U$1,Events!$A:$A,0)), 0, VLOOKUP( VLOOKUP($A616,'[4]OSMEC ID + EVENT'!$A:$I,3,FALSE),Events!$B:$D,3,FALSE)) -> E018 | V616: =IF( ISNA(MATCH(V$1,Events!$A:$A,0)), 0, VLOOKUP( VLOOKUP($A616,'[4]OSMEC ID + EVENT'!$A:$I,4,FALSE),Events!$B:$D,3,FALSE)) -> E019 | W616: =IF( ISNA(MATCH(W$1,Events!$A:$A,0)), 0, VLOOKUP( VLOOKUP($A616,'[4]OSMEC ID + EVENT'!$A:$I,5,FALSE),Events!$B:$D,3,FALSE)) -> E020 | X616: =IF( ISNA(MATCH(X$1,Events!$A:$A,0)), 0, VLOOKUP( VLOOKUP($A616,'[4]OSMEC ID + EVENT'!$A:$I,6,FALSE),Events!$B:$D,3,FALSE)) -> E021 | Y616: =IF( ISNA(MATCH(Y$1,Events!$A:$A,0)), 0, VLOOKUP( VLOOKUP($A616,'[4]OSMEC ID + EVENT'!$A:$I,7,FALSE),Events!$B:$D,3,FALSE)) -> E022 | Z616: =IF( ISNA(MATCH(Z$1,Events!$A:$A,0)), 0, VLOOKUP( VLOOKUP($A616,'[4]OSMEC ID + EVENT'!$A:$I,8,FALSE),Events!$B:$D,3,FALSE)) -> E023 | AA616: =IFERROR( VLOOKUP( VLOOKUP(A616,'[5]OSMEC ID + SUBJECT'!$A:$B,2,FALSE),Subjects!$B:$D,3,FALSE),"") | AB616: =IFERROR( VLOOKUP( VLOOKUP(A616,'[6]OSMEC ID + SUBJECT'!$A:$B,2,FALSE),Subjects!B:D,3,FALSE),"") | AC616: =IFERROR( VLOOKUP( VLOOKUP(A616,'[7]OSMEC-ID + SESSION'!$A:$B,2,FALSE),Subjects!$B:$D,3,FALSE),"") | AD616: =IFERROR( VLOOKUP( VLOOKUP(A616,'[8]OSMEC ID + SESSION'!$A:$B,2,FALSE),Subjects!$B:$D,3,FALSE),"") | AE616: =IFERROR( VLOOKUP( VLOOKUP(A616,'[9]OSMEC ID + SUBJECT'!$A:$B,2,FALSE),Subjects!$B:$D,3,FALSE),"") | AF616: =IFERROR( VLOOKUP( VLOOKUP(A616,'[10]OSMEC ID + SESSION'!$A:$B,2,FALSE),Subjects!$B:$D,3),"")
A617: =Deligate_List!A619 -> OSMEC-0729 | B617: =VLOOKUP(A617,Deligate_List!A:B,2,FALSE) -> MOHAMMED MUSTAFA RAHIL | C617: =IFERROR( VLOOKUP( VLOOKUP($A617,'[1]OSMEC ID + WORKSHOP'!$A:$B,2,FALSE),Workshop!A:C,3,FALSE),"") -> W011 | D617: =IF($D$1 =Events!$A$2, VLOOKUP( VLOOKUP($A617,'[2]OSMEC ID + EVENT'!$A:$E,2,FALSE),Events!$B:$D,3,FALSE)) -> E001 | E617: =IF(E$1=Events!$A$3, VLOOKUP( VLOOKUP($A617,'[2]OSMEC ID + EVENT'!$A:$E,3,FALSE),Events!B:D,3,FALSE)) -> E002 | F617: =IF($F$1=Events!$A$4, VLOOKUP( VLOOKUP($A619,'[2]OSMEC ID + EVENT'!$A:$E,4,FALSE),Events!B:D,3,FALSE),) -> E003 | G617: =IF($G$1=Events!$A$5, VLOOKUP( VLOOKUP($A619,'[2]OSMEC ID + EVENT'!$A:$E,5,FALSE),Events!$B:$D,3,FALSE),) -> E004 | H617: =IF($H$1= VLOOKUP($H$1,Events!$A:$D,1,FALSE), VLOOKUP( VLOOKUP(A617,'[3]OSMEC ID + EVENT'!$A:$M,2,FALSE),Events!B:D,3,FALSE),) -> E005 | I617: =IF(I$1= VLOOKUP(I$1,Events!$A:$D,1,FALSE), VLOOKUP( VLOOKUP($A617,'[3]OSMEC ID + EVENT'!$A:$M,3,FALSE),Events!$B:$D,3,FALSE),) -> E006 | J617: =IF(J$1= VLOOKUP(J$1,Events!$A:$D,1,FALSE), VLOOKUP( VLOOKUP($A617,'[3]OSMEC ID + EVENT'!$A:$M,4,FALSE),Events!$B:$D,3,FALSE),) -> E007 | K617: =IF(K$1= VLOOKUP(K$1,Events!$A:$D,1,FALSE), VLOOKUP( VLOOKUP($A617,'[3]OSMEC ID + EVENT'!$A:$M,5,FALSE),Events!$B:$D,3,FALSE),) -> E008 | L617: =IF(L$1= VLOOKUP(L$1,Events!$A:$D,1,FALSE), VLOOKUP( VLOOKUP($A617,'[3]OSMEC ID + EVENT'!$A:$M,6,FALSE),Events!$B:$D,3,FALSE),) -> E009 | M617: =IF(M$1= VLOOKUP(M$1,Events!$A:$D,1,FALSE), VLOOKUP( VLOOKUP($A617,'[3]OSMEC ID + EVENT'!$A:$M,7,FALSE),Events!$B:$D,3,FALSE),) -> E010 | N617: =IF(N$1= VLOOKUP(N$1,Events!$A:$D,1,FALSE), VLOOKUP( VLOOKUP($A617,'[3]OSMEC ID + EVENT'!$A:$M,8,FALSE),Events!$B:$D,3,FALSE),) -> E011 | O617: =IF(O$1= VLOOKUP(O$1,Events!$A:$D,1,FALSE), VLOOKUP( VLOOKUP($A617,'[3]OSMEC ID + EVENT'!$A:$M,9,FALSE),Events!$B:$D,3,FALSE),) -> E012 | P617: =IF(P$1= VLOOKUP(P$1,Events!$A:$D,1,FALSE), VLOOKUP( VLOOKUP($A617,'[3]OSMEC ID + EVENT'!$A:$M,10,FALSE),Events!$B:$D,3,FALSE),) -> E013 | Q617: =IF(Q$1= VLOOKUP(Q$1,Events!$A:$D,1,FALSE), VLOOKUP( VLOOKUP($A617,'[3]OSMEC ID + EVENT'!$A:$M,11,FALSE),Events!$B:$D,3,FALSE),) -> E014 | R617: =IF(R$1= VLOOKUP(R$1,Events!$A:$D,1,FALSE), VLOOKUP( VLOOKUP($A617,'[3]OSMEC ID + EVENT'!$A:$M,12,FALSE),Events!$B:$D,3,FALSE),) -> E015 | S617: =IF(S$1= VLOOKUP(S$1,Events!$A:$D,1,FALSE), VLOOKUP( VLOOKUP($A617,'[3]OSMEC ID + EVENT'!$A:$M,13,FALSE),Events!$B:$D,3,FALSE),) -> E016 | T617: =IF( ISNA(MATCH(T$1,Events!$A:$A,0)), 0, VLOOKUP( VLOOKUP(A617,'[4]OSMEC ID + EVENT'!$A:$I,2,FALSE),Events!$B:$D,3,FALSE)) -> E017 | U617: =IF( ISNA(MATCH(U$1,Events!$A:$A,0)), 0, VLOOKUP( VLOOKUP($A617,'[4]OSMEC ID + EVENT'!$A:$I,3,FALSE),Events!$B:$D,3,FALSE)) -> E018 | V617: =IF( ISNA(MATCH(V$1,Events!$A:$A,0)), 0, VLOOKUP( VLOOKUP($A617,'[4]OSMEC ID + EVENT'!$A:$I,4,FALSE),Events!$B:$D,3,FALSE)) -> E019 | W617: =IF( ISNA(MATCH(W$1,Events!$A:$A,0)), 0, VLOOKUP( VLOOKUP($A617,'[4]OSMEC ID + EVENT'!$A:$I,5,FALSE),Events!$B:$D,3,FALSE)) -> E020 | X617: =IF( ISNA(MATCH(X$1,Events!$A:$A,0)), 0, VLOOKUP( VLOOKUP($A617,'[4]OSMEC ID + EVENT'!$A:$I,6,FALSE),Events!$B:$D,3,FALSE)) -> E021 | Y617: =IF( ISNA(MATCH(Y$1,Events!$A:$A,0)), 0, VLOOKUP( VLOOKUP($A617,'[4]OSMEC ID + EVENT'!$A:$I,7,FALSE),Events!$B:$D,3,FALSE)) -> E022 | Z617: =IF( ISNA(MATCH(Z$1,Events!$A:$A,0)), 0, VLOOKUP( VLOOKUP($A617,'[4]OSMEC ID + EVENT'!$A:$I,8,FALSE),Events!$B:$D,3,FALSE)) -> E023 | AA617: =IFERROR( VLOOKUP( VLOOKUP(A617,'[5]OSMEC ID + SUBJECT'!$A:$B,2,FALSE),Subjects!$B:$D,3,FALSE),"") | AB617: =IFERROR( VLOOKUP( VLOOKUP(A617,'[6]OSMEC ID + SUBJECT'!$A:$B,2,FALSE),Subjects!B:D,3,FALSE),"") | AC617: =IFERROR( VLOOKUP( VLOOKUP(A617,'[7]OSMEC-ID + SESSION'!$A:$B,2,FALSE),Subjects!$B:$D,3,FALSE),"") | AD617: =IFERROR( VLOOKUP( VLOOKUP(A617,'[8]OSMEC ID + SESSION'!$A:$B,2,FALSE),Subjects!$B:$D,3,FALSE),"") | AE617: =IFERROR( VLOOKUP( VLOOKUP(A617,'[9]OSMEC ID + SUBJECT'!$A:$B,2,FALSE),Subjects!$B:$D,3,FALSE),"") | AF617: =IFERROR( VLOOKUP( VLOOKUP(A617,'[10]OSMEC ID + SESSION'!$A:$B,2,FALSE),Subjects!$B:$D,3),"")
A618: =Deligate_List!A620 -> OSMEC-0730 | B618: =VLOOKUP(A618,Deligate_List!A:B,2,FALSE) -> MAHEEN FATIMA | C618: =IFERROR( VLOOKUP( VLOOKUP($A618,'[1]OSMEC ID + WORKSHOP'!$A:$B,2,FALSE),Workshop!A:C,3,FALSE),"") | D618: =IF($D$1 =Events!$A$2, VLOOKUP( VLOOKUP($A618,'[2]OSMEC ID + EVENT'!$A:$E,2,FALSE),Events!$B:$D,3,FALSE)) -> E001 | E618: =IF(E$1=Events!$A$3, VLOOKUP( VLOOKUP($A618,'[2]OSMEC ID + EVENT'!$A:$E,3,FALSE),Events!B:D,3,FALSE)) -> E002 | F618: =IF($F$1=Events!$A$4, VLOOKUP( VLOOKUP($A620,'[2]OSMEC ID + EVENT'!$A:$E,4,FALSE),Events!B:D,3,FALSE),) -> E003 | G618: =IF($G$1=Events!$A$5, VLOOKUP( VLOOKUP($A620,'[2]OSMEC ID + EVENT'!$A:$E,5,FALSE),Events!$B:$D,3,FALSE),) -> E004 | H618: =IF($H$1= VLOOKUP($H$1,Events!$A:$D,1,FALSE), VLOOKUP( VLOOKUP(A618,'[3]OSMEC ID + EVENT'!$A:$M,2,FALSE),Events!B:D,3,FALSE),) -> E005 | I618: =IF(I$1= VLOOKUP(I$1,Events!$A:$D,1,FALSE), VLOOKUP( VLOOKUP($A618,'[3]OSMEC ID + EVENT'!$A:$M,3,FALSE),Events!$B:$D,3,FALSE),) -> E006 | J618: =IF(J$1= VLOOKUP(J$1,Events!$A:$D,1,FALSE), VLOOKUP( VLOOKUP($A618,'[3]OSMEC ID + EVENT'!$A:$M,4,FALSE),Events!$B:$D,3,FALSE),) -> E007 | K618: =IF(K$1= VLOOKUP(K$1,Events!$A:$D,1,FALSE), VLOOKUP( VLOOKUP($A618,'[3]OSMEC ID + EVENT'!$A:$M,5,FALSE),Events!$B:$D,3,FALSE),) -> E008 | L618: =IF(L$1= VLOOKUP(L$1,Events!$A:$D,1,FALSE), VLOOKUP( VLOOKUP($A618,'[3]OSMEC ID + EVENT'!$A:$M,6,FALSE),Events!$B:$D,3,FALSE),) -> E009 | M618: =IF(M$1= VLOOKUP(M$1,Events!$A:$D,1,FALSE), VLOOKUP( VLOOKUP($A618,'[3]OSMEC ID + EVENT'!$A:$M,7,FALSE),Events!$B:$D,3,FALSE),) -> E010 | N618: =IF(N$1= VLOOKUP(N$1,Events!$A:$D,1,FALSE), VLOOKUP( VLOOKUP($A618,'[3]OSMEC ID + EVENT'!$A:$M,8,FALSE),Events!$B:$D,3,FALSE),) -> E011 | O618: =IF(O$1= VLOOKUP(O$1,Events!$A:$D,1,FALSE), VLOOKUP( VLOOKUP($A618,'[3]OSMEC ID + EVENT'!$A:$M,9,FALSE),Events!$B:$D,3,FALSE),) -> E012 | P618: =IF(P$1= VLOOKUP(P$1,Events!$A:$D,1,FALSE), VLOOKUP( VLOOKUP($A618,'[3]OSMEC ID + EVENT'!$A:$M,10,FALSE),Events!$B:$D,3,FALSE),) -> E013 | Q618: =IF(Q$1= VLOOKUP(Q$1,Events!$A:$D,1,FALSE), VLOOKUP( VLOOKUP($A618,'[3]OSMEC ID + EVENT'!$A:$M,11,FALSE),Events!$B:$D,3,FALSE),) -> E014 | R618: =IF(R$1= VLOOKUP(R$1,Events!$A:$D,1,FALSE), VLOOKUP( VLOOKUP($A618,'[3]OSMEC ID + EVENT'!$A:$M,12,FALSE),Events!$B:$D,3,FALSE),) -> E015 | S618: =IF(S$1= VLOOKUP(S$1,Events!$A:$D,1,FALSE), VLOOKUP( VLOOKUP($A618,'[3]OSMEC ID + EVENT'!$A:$M,13,FALSE),Events!$B:$D,3,FALSE),) -> E016 | T618: =IF( ISNA(MATCH(T$1,Events!$A:$A,0)), 0, VLOOKUP( VLOOKUP(A618,'[4]OSMEC ID + EVENT'!$A:$I,2,FALSE),Events!$B:$D,3,FALSE)) -> E017 | U618: =IF( ISNA(MATCH(U$1,Events!$A:$A,0)), 0, VLOOKUP( VLOOKUP($A618,'[4]OSMEC ID + EVENT'!$A:$I,3,FALSE),Events!$B:$D,3,FALSE)) -> E018 | V618: =IF( ISNA(MATCH(V$1,Events!$A:$A,0)), 0, VLOOKUP( VLOOKUP($A618,'[4]OSMEC ID + EVENT'!$A:$I,4,FALSE),Events!$B:$D,3,FALSE)) -> E019 | W618: =IF( ISNA(MATCH(W$1,Events!$A:$A,0)), 0, VLOOKUP( VLOOKUP($A618,'[4]OSMEC ID + EVENT'!$A:$I,5,FALSE),Events!$B:$D,3,FALSE)) -> E020 | X618: =IF( ISNA(MATCH(X$1,Events!$A:$A,0)), 0, VLOOKUP( VLOOKUP($A618,'[4]OSMEC ID + EVENT'!$A:$I,6,FALSE),Events!$B:$D,3,FALSE)) -> E021 | Y618: =IF( ISNA(MATCH(Y$1,Events!$A:$A,0)), 0, VLOOKUP( VLOOKUP($A618,'[4]OSMEC ID + EVENT'!$A:$I,7,FALSE),Events!$B:$D,3,FALSE)) -> E022 | Z618: =IF( ISNA(MATCH(Z$1,Events!$A:$A,0)), 0, VLOOKUP( VLOOKUP($A618,'[4]OSMEC ID + EVENT'!$A:$I,8,FALSE),Events!$B:$D,3,FALSE)) -> E023 | AA618: =IFERROR( VLOOKUP( VLOOKUP(A618,'[5]OSMEC ID + SUBJECT'!$A:$B,2,FALSE),Subjects!$B:$D,3,FALSE),"") | AB618: =IFERROR( VLOOKUP( VLOOKUP(A618,'[6]OSMEC ID + SUBJECT'!$A:$B,2,FALSE),Subjects!B:D,3,FALSE),"") | AC618: =IFERROR( VLOOKUP( VLOOKUP(A618,'[7]OSMEC-ID + SESSION'!$A:$B,2,FALSE),Subjects!$B:$D,3,FALSE),"") | AD618: =IFERROR( VLOOKUP( VLOOKUP(A618,'[8]OSMEC ID + SESSION'!$A:$B,2,FALSE),Subjects!$B:$D,3,FALSE),"") | AE618: =IFERROR( VLOOKUP( VLOOKUP(A618,'[9]OSMEC ID + SUBJECT'!$A:$B,2,FALSE),Subjects!$B:$D,3,FALSE),"") | AF618: =IFERROR( VLOOKUP( VLOOKUP(A618,'[10]OSMEC ID + SESSION'!$A:$B,2,FALSE),Subjects!$B:$D,3),"")
A619: =Deligate_List!A621 -> OSMEC-0731 | B619: =VLOOKUP(A619,Deligate_List!A:B,2,FALSE) -> MOHAMMED HASHIR UDDIN | C619: =IFERROR( VLOOKUP( VLOOKUP($A619,'[1]OSMEC ID + WORKSHOP'!$A:$B,2,FALSE),Workshop!A:C,3,FALSE),"") | D619: =IF($D$1 =Events!$A$2, VLOOKUP( VLOOKUP($A619,'[2]OSMEC ID + EVENT'!$A:$E,2,FALSE),Events!$B:$D,3,FALSE)) -> E001 | E619: =IF(E$1=Events!$A$3, VLOOKUP( VLOOKUP($A619,'[2]OSMEC ID + EVENT'!$A:$E,3,FALSE),Events!B:D,3,FALSE)) -> E002 | F619: =IF($F$1=Events!$A$4, VLOOKUP( VLOOKUP($A621,'[2]OSMEC ID + EVENT'!$A:$E,4,FALSE),Events!B:D,3,FALSE),) -> E003 | G619: =IF($G$1=Events!$A$5, VLOOKUP( VLOOKUP($A621,'[2]OSMEC ID + EVENT'!$A:$E,5,FALSE),Events!$B:$D,3,FALSE),) -> E004 | H619: =IF($H$1= VLOOKUP($H$1,Events!$A:$D,1,FALSE), VLOOKUP( VLOOKUP(A619,'[3]OSMEC ID + EVENT'!$A:$M,2,FALSE),Events!B:D,3,FALSE),) -> E005 | I619: =IF(I$1= VLOOKUP(I$1,Events!$A:$D,1,FALSE), VLOOKUP( VLOOKUP($A619,'[3]OSMEC ID + EVENT'!$A:$M,3,FALSE),Events!$B:$D,3,FALSE),) -> E006 | J619: =IF(J$1= VLOOKUP(J$1,Events!$A:$D,1,FALSE), VLOOKUP( VLOOKUP($A619,'[3]OSMEC ID + EVENT'!$A:$M,4,FALSE),Events!$B:$D,3,FALSE),) -> E007 | K619: =IF(K$1= VLOOKUP(K$1,Events!$A:$D,1,FALSE), VLOOKUP( VLOOKUP($A619,'[3]OSMEC ID + EVENT'!$A:$M,5,FALSE),Events!$B:$D,3,FALSE),) -> E008 | L619: =IF(L$1= VLOOKUP(L$1,Events!$A:$D,1,FALSE), VLOOKUP( VLOOKUP($A619,'[3]OSMEC ID + EVENT'!$A:$M,6,FALSE),Events!$B:$D,3,FALSE),) -> E009 | M619: =IF(M$1= VLOOKUP(M$1,Events!$A:$D,1,FALSE), VLOOKUP( VLOOKUP($A619,'[3]OSMEC ID + EVENT'!$A:$M,7,FALSE),Events!$B:$D,3,FALSE),) -> E010 | N619: =IF(N$1= VLOOKUP(N$1,Events!$A:$D,1,FALSE), VLOOKUP( VLOOKUP($A619,'[3]OSMEC ID + EVENT'!$A:$M,8,FALSE),Events!$B:$D,3,FALSE),) -> E011 | O619: =IF(O$1= VLOOKUP(O$1,Events!$A:$D,1,FALSE), VLOOKUP( VLOOKUP($A619,'[3]OSMEC ID + EVENT'!$A:$M,9,FALSE),Events!$B:$D,3,FALSE),) -> E012 | P619: =IF(P$1= VLOOKUP(P$1,Events!$A:$D,1,FALSE), VLOOKUP( VLOOKUP($A619,'[3]OSMEC ID + EVENT'!$A:$M,10,FALSE),Events!$B:$D,3,FALSE),) -> E013 | Q619: =IF(Q$1= VLOOKUP(Q$1,Events!$A:$D,1,FALSE), VLOOKUP( VLOOKUP($A619,'[3]OSMEC ID + EVENT'!$A:$M,11,FALSE),Events!$B:$D,3,FALSE),) -> E014 | R619: =IF(R$1= VLOOKUP(R$1,Events!$A:$D,1,FALSE), VLOOKUP( VLOOKUP($A619,'[3]OSMEC ID + EVENT'!$A:$M,12,FALSE),Events!$B:$D,3,FALSE),) -> E015 | S619: =IF(S$1= VLOOKUP(S$1,Events!$A:$D,1,FALSE), VLOOKUP( VLOOKUP($A619,'[3]OSMEC ID + EVENT'!$A:$M,13,FALSE),Events!$B:$D,3,FALSE),) -> E016 | T619: =IF( ISNA(MATCH(T$1,Events!$A:$A,0)), 0, VLOOKUP( VLOOKUP(A619,'[4]OSMEC ID + EVENT'!$A:$I,2,FALSE),Events!$B:$D,3,FALSE)) -> E017 | U619: =IF( ISNA(MATCH(U$1,Events!$A:$A,0)), 0, VLOOKUP( VLOOKUP($A619,'[4]OSMEC ID + EVENT'!$A:$I,3,FALSE),Events!$B:$D,3,FALSE)) -> E018 | V619: =IF( ISNA(MATCH(V$1,Events!$A:$A,0)), 0, VLOOKUP( VLOOKUP($A619,'[4]OSMEC ID + EVENT'!$A:$I,4,FALSE),Events!$B:$D,3,FALSE)) -> E019 | W619: =IF( ISNA(MATCH(W$1,Events!$A:$A,0)), 0, VLOOKUP( VLOOKUP($A619,'[4]OSMEC ID + EVENT'!$A:$I,5,FALSE),Events!$B:$D,3,FALSE)) -> E020 | X619: =IF( ISNA(MATCH(X$1,Events!$A:$A,0)), 0, VLOOKUP( VLOOKUP($A619,'[4]OSMEC ID + EVENT'!$A:$I,6,FALSE),Events!$B:$D,3,FALSE)) -> E021 | Y619: =IF( ISNA(MATCH(Y$1,Events!$A:$A,0)), 0, VLOOKUP( VLOOKUP($A619,'[4]OSMEC ID + EVENT'!$A:$I,7,FALSE),Events!$B:$D,3,FALSE)) -> E022 | Z619: =IF( ISNA(MATCH(Z$1,Events!$A:$A,0)), 0, VLOOKUP( VLOOKUP($A619,'[4]OSMEC ID + EVENT'!$A:$I,8,FALSE),Events!$B:$D,3,FALSE)) -> E023 | AA619: =IFERROR( VLOOKUP( VLOOKUP(A619,'[5]OSMEC ID + SUBJECT'!$A:$B,2,FALSE),Subjects!$B:$D,3,FALSE),"") | AB619: =IFERROR( VLOOKUP( VLOOKUP(A619,'[6]OSMEC ID + SUBJECT'!$A:$B,2,FALSE),Subjects!B:D,3,FALSE),"") | AC619: =IFERROR( VLOOKUP( VLOOKUP(A619,'[7]OSMEC-ID + SESSION'!$A:$B,2,FALSE),Subjects!$B:$D,3,FALSE),"") | AD619: =IFERROR( VLOOKUP( VLOOKUP(A619,'[8]OSMEC ID + SESSION'!$A:$B,2,FALSE),Subjects!$B:$D,3,FALSE),"") | AE619: =IFERROR( VLOOKUP( VLOOKUP(A619,'[9]OSMEC ID + SUBJECT'!$A:$B,2,FALSE),Subjects!$B:$D,3,FALSE),"") | AF619: =IFERROR( VLOOKUP( VLOOKUP(A619,'[10]OSMEC ID + SESSION'!$A:$B,2,FALSE),Subjects!$B:$D,3),"")
A620: =Deligate_List!A622 -> OSMEC-0732 | B620: =VLOOKUP(A620,Deligate_List!A:B,2,FALSE) -> UMMAMA KHAN | C620: =IFERROR( VLOOKUP( VLOOKUP($A620,'[1]OSMEC ID + WORKSHOP'!$A:$B,2,FALSE),Workshop!A:C,3,FALSE),"") -> W011 | D620: =IF($D$1 =Events!$A$2, VLOOKUP( VLOOKUP($A620,'[2]OSMEC ID + EVENT'!$A:$E,2,FALSE),Events!$B:$D,3,FALSE)) -> E001 | E620: =IF(E$1=Events!$A$3, VLOOKUP( VLOOKUP($A620,'[2]OSMEC ID + EVENT'!$A:$E,3,FALSE),Events!B:D,3,FALSE)) -> E002 | F620: =IF($F$1=Events!$A$4, VLOOKUP( VLOOKUP($A622,'[2]OSMEC ID + EVENT'!$A:$E,4,FALSE),Events!B:D,3,FALSE),) -> E003 | G620: =IF($G$1=Events!$A$5, VLOOKUP( VLOOKUP($A622,'[2]OSMEC ID + EVENT'!$A:$E,5,FALSE),Events!$B:$D,3,FALSE),) -> E004 | H620: =IF($H$1= VLOOKUP($H$1,Events!$A:$D,1,FALSE), VLOOKUP( VLOOKUP(A620,'[3]OSMEC ID + EVENT'!$A:$M,2,FALSE),Events!B:D,3,FALSE),) -> E005 | I620: =IF(I$1= VLOOKUP(I$1,Events!$A:$D,1,FALSE), VLOOKUP( VLOOKUP($A620,'[3]OSMEC ID + EVENT'!$A:$M,3,FALSE),Events!$B:$D,3,FALSE),) -> E006 | J620: =IF(J$1= VLOOKUP(J$1,Events!$A:$D,1,FALSE), VLOOKUP( VLOOKUP($A620,'[3]OSMEC ID + EVENT'!$A:$M,4,FALSE),Events!$B:$D,3,FALSE),) -> E007 | K620: =IF(K$1= VLOOKUP(K$1,Events!$A:$D,1,FALSE), VLOOKUP( VLOOKUP($A620,'[3]OSMEC ID + EVENT'!$A:$M,5,FALSE),Events!$B:$D,3,FALSE),) -> E008 | L620: =IF(L$1= VLOOKUP(L$1,Events!$A:$D,1,FALSE), VLOOKUP( VLOOKUP($A620,'[3]OSMEC ID + EVENT'!$A:$M,6,FALSE),Events!$B:$D,3,FALSE),) -> E009 | M620: =IF(M$1= VLOOKUP(M$1,Events!$A:$D,1,FALSE), VLOOKUP( VLOOKUP($A620,'[3]OSMEC ID + EVENT'!$A:$M,7,FALSE),Events!$B:$D,3,FALSE),) -> E010 | N620: =IF(N$1= VLOOKUP(N$1,Events!$A:$D,1,FALSE), VLOOKUP( VLOOKUP($A620,'[3]OSMEC ID + EVENT'!$A:$M,8,FALSE),Events!$B:$D,3,FALSE),) -> E011 | O620: =IF(O$1= VLOOKUP(O$1,Events!$A:$D,1,FALSE), VLOOKUP( VLOOKUP($A620,'[3]OSMEC ID + EVENT'!$A:$M,9,FALSE),Events!$B:$D,3,FALSE),) -> E012 | P620: =IF(P$1= VLOOKUP(P$1,Events!$A:$D,1,FALSE), VLOOKUP( VLOOKUP($A620,'[3]OSMEC ID + EVENT'!$A:$M,10,FALSE),Events!$B:$D,3,FALSE),) -> E013 | Q620: =IF(Q$1= VLOOKUP(Q$1,Events!$A:$D,1,FALSE), VLOOKUP( VLOOKUP($A620,'[3]OSMEC ID + EVENT'!$A:$M,11,FALSE),Events!$B:$D,3,FALSE),) -> E014 | R620: =IF(R$1= VLOOKUP(R$1,Events!$A:$D,1,FALSE), VLOOKUP( VLOOKUP($A620,'[3]OSMEC ID + EVENT'!$A:$M,12,FALSE),Events!$B:$D,3,FALSE),) -> E015 | S620: =IF(S$1= VLOOKUP(S$1,Events!$A:$D,1,FALSE), VLOOKUP( VLOOKUP($A620,'[3]OSMEC ID + EVENT'!$A:$M,13,FALSE),Events!$B:$D,3,FALSE),) -> E016 | T620: =IF( ISNA(MATCH(T$1,Events!$A:$A,0)), 0, VLOOKUP( VLOOKUP(A620,'[4]OSMEC ID + EVENT'!$A:$I,2,FALSE),Events!$B:$D,3,FALSE)) -> E017 | U620: =IF( ISNA(MATCH(U$1,Events!$A:$A,0)), 0, VLOOKUP( VLOOKUP($A620,'[4]OSMEC ID + EVENT'!$A:$I,3,FALSE),Events!$B:$D,3,FALSE)) -> E018 | V620: =IF( ISNA(MATCH(V$1,Events!$A:$A,0)), 0, VLOOKUP( VLOOKUP($A620,'[4]OSMEC ID + EVENT'!$A:$I,4,FALSE),Events!$B:$D,3,FALSE)) -> E019 | W620: =IF( ISNA(MATCH(W$1,Events!$A:$A,0)), 0, VLOOKUP( VLOOKUP($A620,'[4]OSMEC ID + EVENT'!$A:$I,5,FALSE),Events!$B:$D,3,FALSE)) -> E020 | X620: =IF( ISNA(MATCH(X$1,Events!$A:$A,0)), 0, VLOOKUP( VLOOKUP($A620,'[4]OSMEC ID + EVENT'!$A:$I,6,FALSE),Events!$B:$D,3,FALSE)) -> E021 | Y620: =IF( ISNA(MATCH(Y$1,Events!$A:$A,0)), 0, VLOOKUP( VLOOKUP($A620,'[4]OSMEC ID + EVENT'!$A:$I,7,FALSE),Events!$B:$D,3,FALSE)) -> E022 | Z620: =IF( ISNA(MATCH(Z$1,Events!$A:$A,0)), 0, VLOOKUP( VLOOKUP($A620,'[4]OSMEC ID + EVENT'!$A:$I,8,FALSE),Events!$B:$D,3,FALSE)) -> E023 | AA620: =IFERROR( VLOOKUP( VLOOKUP(A620,'[5]OSMEC ID + SUBJECT'!$A:$B,2,FALSE),Subjects!$B:$D,3,FALSE),"") | AB620: =IFERROR( VLOOKUP( VLOOKUP(A620,'[6]OSMEC ID + SUBJECT'!$A:$B,2,FALSE),Subjects!B:D,3,FALSE),"") | AC620: =IFERROR( VLOOKUP( VLOOKUP(A620,'[7]OSMEC-ID + SESSION'!$A:$B,2,FALSE),Subjects!$B:$D,3,FALSE),"") | AD620: =IFERROR( VLOOKUP( VLOOKUP(A620,'[8]OSMEC ID + SESSION'!$A:$B,2,FALSE),Subjects!$B:$D,3,FALSE),"") | AE620: =IFERROR( VLOOKUP( VLOOKUP(A620,'[9]OSMEC ID + SUBJECT'!$A:$B,2,FALSE),Subjects!$B:$D,3,FALSE),"") | AF620: =IFERROR( VLOOKUP( VLOOKUP(A620,'[10]OSMEC ID + SESSION'!$A:$B,2,FALSE),Subjects!$B:$D,3),"")
A621: =Deligate_List!A623 -> OSMEC-0733 | B621: =VLOOKUP(A621,Deligate_List!A:B,2,FALSE) -> KADARI.DHANUSH | C621: =IFERROR( VLOOKUP( VLOOKUP($A621,'[1]OSMEC ID + WORKSHOP'!$A:$B,2,FALSE),Workshop!A:C,3,FALSE),"") | D621: =IF($D$1 =Events!$A$2, VLOOKUP( VLOOKUP($A621,'[2]OSMEC ID + EVENT'!$A:$E,2,FALSE),Events!$B:$D,3,FALSE)) -> E001 | E621: =IF(E$1=Events!$A$3, VLOOKUP( VLOOKUP($A621,'[2]OSMEC ID + EVENT'!$A:$E,3,FALSE),Events!B:D,3,FALSE)) -> E002 | F621: =IF($F$1=Events!$A$4, VLOOKUP( VLOOKUP($A623,'[2]OSMEC ID + EVENT'!$A:$E,4,FALSE),Events!B:D,3,FALSE),) -> E003 | G621: =IF($G$1=Events!$A$5, VLOOKUP( VLOOKUP($A623,'[2]OSMEC ID + EVENT'!$A:$E,5,FALSE),Events!$B:$D,3,FALSE),) -> E004 | H621: =IF($H$1= VLOOKUP($H$1,Events!$A:$D,1,FALSE), VLOOKUP( VLOOKUP(A621,'[3]OSMEC ID + EVENT'!$A:$M,2,FALSE),Events!B:D,3,FALSE),) -> E005 | I621: =IF(I$1= VLOOKUP(I$1,Events!$A:$D,1,FALSE), VLOOKUP( VLOOKUP($A621,'[3]OSMEC ID + EVENT'!$A:$M,3,FALSE),Events!$B:$D,3,FALSE),) -> E006 | J621: =IF(J$1= VLOOKUP(J$1,Events!$A:$D,1,FALSE), VLOOKUP( VLOOKUP($A621,'[3]OSMEC ID + EVENT'!$A:$M,4,FALSE),Events!$B:$D,3,FALSE),) -> E007 | K621: =IF(K$1= VLOOKUP(K$1,Events!$A:$D,1,FALSE), VLOOKUP( VLOOKUP($A621,'[3]OSMEC ID + EVENT'!$A:$M,5,FALSE),Events!$B:$D,3,FALSE),) -> E008 | L621: =IF(L$1= VLOOKUP(L$1,Events!$A:$D,1,FALSE), VLOOKUP( VLOOKUP($A621,'[3]OSMEC ID + EVENT'!$A:$M,6,FALSE),Events!$B:$D,3,FALSE),) -> E009 | M621: =IF(M$1= VLOOKUP(M$1,Events!$A:$D,1,FALSE), VLOOKUP( VLOOKUP($A621,'[3]OSMEC ID + EVENT'!$A:$M,7,FALSE),Events!$B:$D,3,FALSE),) -> E010 | N621: =IF(N$1= VLOOKUP(N$1,Events!$A:$D,1,FALSE), VLOOKUP( VLOOKUP($A621,'[3]OSMEC ID + EVENT'!$A:$M,8,FALSE),Events!$B:$D,3,FALSE),) -> E011 | O621: =IF(O$1= VLOOKUP(O$1,Events!$A:$D,1,FALSE), VLOOKUP( VLOOKUP($A621,'[3]OSMEC ID + EVENT'!$A:$M,9,FALSE),Events!$B:$D,3,FALSE),) -> E012 | P621: =IF(P$1= VLOOKUP(P$1,Events!$A:$D,1,FALSE), VLOOKUP( VLOOKUP($A621,'[3]OSMEC ID + EVENT'!$A:$M,10,FALSE),Events!$B:$D,3,FALSE),) -> E013 | Q621: =IF(Q$1= VLOOKUP(Q$1,Events!$A:$D,1,FALSE), VLOOKUP( VLOOKUP($A621,'[3]OSMEC ID + EVENT'!$A:$M,11,FALSE),Events!$B:$D,3,FALSE),) -> E014 | R621: =IF(R$1= VLOOKUP(R$1,Events!$A:$D,1,FALSE), VLOOKUP( VLOOKUP($A621,'[3]OSMEC ID + EVENT'!$A:$M,12,FALSE),Events!$B:$D,3,FALSE),) -> E015 | S621: =IF(S$1= VLOOKUP(S$1,Events!$A:$D,1,FALSE), VLOOKUP( VLOOKUP($A621,'[3]OSMEC ID + EVENT'!$A:$M,13,FALSE),Events!$B:$D,3,FALSE),) -> E016 | T621: =IF( ISNA(MATCH(T$1,Events!$A:$A,0)), 0, VLOOKUP( VLOOKUP(A621,'[4]OSMEC ID + EVENT'!$A:$I,2,FALSE),Events!$B:$D,3,FALSE)) -> E017 | U621: =IF( ISNA(MATCH(U$1,Events!$A:$A,0)), 0, VLOOKUP( VLOOKUP($A621,'[4]OSMEC ID + EVENT'!$A:$I,3,FALSE),Events!$B:$D,3,FALSE)) -> E018 | V621: =IF( ISNA(MATCH(V$1,Events!$A:$A,0)), 0, VLOOKUP( VLOOKUP($A621,'[4]OSMEC ID + EVENT'!$A:$I,4,FALSE),Events!$B:$D,3,FALSE)) -> E019 | W621: =IF( ISNA(MATCH(W$1,Events!$A:$A,0)), 0, VLOOKUP( VLOOKUP($A621,'[4]OSMEC ID + EVENT'!$A:$I,5,FALSE),Events!$B:$D,3,FALSE)) -> E020 | X621: =IF( ISNA(MATCH(X$1,Events!$A:$A,0)), 0, VLOOKUP( VLOOKUP($A621,'[4]OSMEC ID + EVENT'!$A:$I,6,FALSE),Events!$B:$D,3,FALSE)) -> E021 | Y621: =IF( ISNA(MATCH(Y$1,Events!$A:$A,0)), 0, VLOOKUP( VLOOKUP($A621,'[4]OSMEC ID + EVENT'!$A:$I,7,FALSE),Events!$B:$D,3,FALSE)) -> E022 | Z621: =IF( ISNA(MATCH(Z$1,Events!$A:$A,0)), 0, VLOOKUP( VLOOKUP($A621,'[4]OSMEC ID + EVENT'!$A:$I,8,FALSE),Events!$B:$D,3,FALSE)) -> E023 | AA621: =IFERROR( VLOOKUP( VLOOKUP(A621,'[5]OSMEC ID + SUBJECT'!$A:$B,2,FALSE),Subjects!$B:$D,3,FALSE),"") | AB621: =IFERROR( VLOOKUP( VLOOKUP(A621,'[6]OSMEC ID + SUBJECT'!$A:$B,2,FALSE),Subjects!B:D,3,FALSE),"") | AC621: =IFERROR( VLOOKUP( VLOOKUP(A621,'[7]OSMEC-ID + SESSION'!$A:$B,2,FALSE),Subjects!$B:$D,3,FALSE),"") | AD621: =IFERROR( VLOOKUP( VLOOKUP(A621,'[8]OSMEC ID + SESSION'!$A:$B,2,FALSE),Subjects!$B:$D,3,FALSE),"") | AE621: =IFERROR( VLOOKUP( VLOOKUP(A621,'[9]OSMEC ID + SUBJECT'!$A:$B,2,FALSE),Subjects!$B:$D,3,FALSE),"") | AF621: =IFERROR( VLOOKUP( VLOOKUP(A621,'[10]OSMEC ID + SESSION'!$A:$B,2,FALSE),Subjects!$B:$D,3),"")
A622: =Deligate_List!A624 -> OSMEC-0734 | B622: =VLOOKUP(A622,Deligate_List!A:B,2,FALSE) -> SAMEENA MEHVEEN HAFEEZ | C622: =IFERROR( VLOOKUP( VLOOKUP($A622,'[1]OSMEC ID + WORKSHOP'!$A:$B,2,FALSE),Workshop!A:C,3,FALSE),"") | D622: =IF($D$1 =Events!$A$2, VLOOKUP( VLOOKUP($A622,'[2]OSMEC ID + EVENT'!$A:$E,2,FALSE),Events!$B:$D,3,FALSE)) -> E001 | E622: =IF(E$1=Events!$A$3, VLOOKUP( VLOOKUP($A622,'[2]OSMEC ID + EVENT'!$A:$E,3,FALSE),Events!B:D,3,FALSE)) -> E002 | F622: =IF($F$1=Events!$A$4, VLOOKUP( VLOOKUP($A624,'[2]OSMEC ID + EVENT'!$A:$E,4,FALSE),Events!B:D,3,FALSE),) -> E003 | G622: =IF($G$1=Events!$A$5, VLOOKUP( VLOOKUP($A624,'[2]OSMEC ID + EVENT'!$A:$E,5,FALSE),Events!$B:$D,3,FALSE),) -> E004 | H622: =IF($H$1= VLOOKUP($H$1,Events!$A:$D,1,FALSE), VLOOKUP( VLOOKUP(A622,'[3]OSMEC ID + EVENT'!$A:$M,2,FALSE),Events!B:D,3,FALSE),) -> E005 | I622: =IF(I$1= VLOOKUP(I$1,Events!$A:$D,1,FALSE), VLOOKUP( VLOOKUP($A622,'[3]OSMEC ID + EVENT'!$A:$M,3,FALSE),Events!$B:$D,3,FALSE),) -> E006 | J622: =IF(J$1= VLOOKUP(J$1,Events!$A:$D,1,FALSE), VLOOKUP( VLOOKUP($A622,'[3]OSMEC ID + EVENT'!$A:$M,4,FALSE),Events!$B:$D,3,FALSE),) -> E007 | K622: =IF(K$1= VLOOKUP(K$1,Events!$A:$D,1,FALSE), VLOOKUP( VLOOKUP($A622,'[3]OSMEC ID + EVENT'!$A:$M,5,FALSE),Events!$B:$D,3,FALSE),) -> E008 | L622: =IF(L$1= VLOOKUP(L$1,Events!$A:$D,1,FALSE), VLOOKUP( VLOOKUP($A622,'[3]OSMEC ID + EVENT'!$A:$M,6,FALSE),Events!$B:$D,3,FALSE),) -> E009 | M622: =IF(M$1= VLOOKUP(M$1,Events!$A:$D,1,FALSE), VLOOKUP( VLOOKUP($A622,'[3]OSMEC ID + EVENT'!$A:$M,7,FALSE),Events!$B:$D,3,FALSE),) -> E010 | N622: =IF(N$1= VLOOKUP(N$1,Events!$A:$D,1,FALSE), VLOOKUP( VLOOKUP($A622,'[3]OSMEC ID + EVENT'!$A:$M,8,FALSE),Events!$B:$D,3,FALSE),) -> E011 | O622: =IF(O$1= VLOOKUP(O$1,Events!$A:$D,1,FALSE), VLOOKUP( VLOOKUP($A622,'[3]OSMEC ID + EVENT'!$A:$M,9,FALSE),Events!$B:$D,3,FALSE),) -> E012 | P622: =IF(P$1= VLOOKUP(P$1,Events!$A:$D,1,FALSE), VLOOKUP( VLOOKUP($A622,'[3]OSMEC ID + EVENT'!$A:$M,10,FALSE),Events!$B:$D,3,FALSE),) -> E013 | Q622: =IF(Q$1= VLOOKUP(Q$1,Events!$A:$D,1,FALSE), VLOOKUP( VLOOKUP($A622,'[3]OSMEC ID + EVENT'!$A:$M,11,FALSE),Events!$B:$D,3,FALSE),) -> E014 | R622: =IF(R$1= VLOOKUP(R$1,Events!$A:$D,1,FALSE), VLOOKUP( VLOOKUP($A622,'[3]OSMEC ID + EVENT'!$A:$M,12,FALSE),Events!$B:$D,3,FALSE),) -> E015 | S622: =IF(S$1= VLOOKUP(S$1,Events!$A:$D,1,FALSE), VLOOKUP( VLOOKUP($A622,'[3]OSMEC ID + EVENT'!$A:$M,13,FALSE),Events!$B:$D,3,FALSE),) -> E016 | T622: =IF( ISNA(MATCH(T$1,Events!$A:$A,0)), 0, VLOOKUP( VLOOKUP(A622,'[4]OSMEC ID + EVENT'!$A:$I,2,FALSE),Events!$B:$D,3,FALSE)) -> E017 | U622: =IF( ISNA(MATCH(U$1,Events!$A:$A,0)), 0, VLOOKUP( VLOOKUP($A622,'[4]OSMEC ID + EVENT'!$A:$I,3,FALSE),Events!$B:$D,3,FALSE)) -> E018 | V622: =IF( ISNA(MATCH(V$1,Events!$A:$A,0)), 0, VLOOKUP( VLOOKUP($A622,'[4]OSMEC ID + EVENT'!$A:$I,4,FALSE),Events!$B:$D,3,FALSE)) -> E019 | W622: =IF( ISNA(MATCH(W$1,Events!$A:$A,0)), 0, VLOOKUP( VLOOKUP($A622,'[4]OSMEC ID + EVENT'!$A:$I,5,FALSE),Events!$B:$D,3,FALSE)) -> E020 | X622: =IF( ISNA(MATCH(X$1,Events!$A:$A,0)), 0, VLOOKUP( VLOOKUP($A622,'[4]OSMEC ID + EVENT'!$A:$I,6,FALSE),Events!$B:$D,3,FALSE)) -> E021 | Y622: =IF( ISNA(MATCH(Y$1,Events!$A:$A,0)), 0, VLOOKUP( VLOOKUP($A622,'[4]OSMEC ID + EVENT'!$A:$I,7,FALSE),Events!$B:$D,3,FALSE)) -> E022 | Z622: =IF( ISNA(MATCH(Z$1,Events!$A:$A,0)), 0, VLOOKUP( VLOOKUP($A622,'[4]OSMEC ID + EVENT'!$A:$I,8,FALSE),Events!$B:$D,3,FALSE)) -> E023 | AA622: =IFERROR( VLOOKUP( VLOOKUP(A622,'[5]OSMEC ID + SUBJECT'!$A:$B,2,FALSE),Subjects!$B:$D,3,FALSE),"") | AB622: =IFERROR( VLOOKUP( VLOOKUP(A622,'[6]OSMEC ID + SUBJECT'!$A:$B,2,FALSE),Subjects!B:D,3,FALSE),"") | AC622: =IFERROR( VLOOKUP( VLOOKUP(A622,'[7]OSMEC-ID + SESSION'!$A:$B,2,FALSE),Subjects!$B:$D,3,FALSE),"") | AD622: =IFERROR( VLOOKUP( VLOOKUP(A622,'[8]OSMEC ID + SESSION'!$A:$B,2,FALSE),Subjects!$B:$D,3,FALSE),"") | AE622: =IFERROR( VLOOKUP( VLOOKUP(A622,'[9]OSMEC ID + SUBJECT'!$A:$B,2,FALSE),Subjects!$B:$D,3,FALSE),"") | AF622: =IFERROR( VLOOKUP( VLOOKUP(A622,'[10]OSMEC ID + SESSION'!$A:$B,2,FALSE),Subjects!$B:$D,3),"")
A623: =Deligate_List!A625 -> OSMEC-0735 | B623: =VLOOKUP(A623,Deligate_List!A:B,2,FALSE) -> SYEDA NAZNEEN BEGUM | C623: =IFERROR( VLOOKUP( VLOOKUP($A623,'[1]OSMEC ID + WORKSHOP'!$A:$B,2,FALSE),Workshop!A:C,3,FALSE),"") | D623: =IF($D$1 =Events!$A$2, VLOOKUP( VLOOKUP($A623,'[2]OSMEC ID + EVENT'!$A:$E,2,FALSE),Events!$B:$D,3,FALSE)) -> E001 | E623: =IF(E$1=Events!$A$3, VLOOKUP( VLOOKUP($A623,'[2]OSMEC ID + EVENT'!$A:$E,3,FALSE),Events!B:D,3,FALSE)) -> E002 | F623: =IF($F$1=Events!$A$4, VLOOKUP( VLOOKUP($A625,'[2]OSMEC ID + EVENT'!$A:$E,4,FALSE),Events!B:D,3,FALSE),) -> E003 | G623: =IF($G$1=Events!$A$5, VLOOKUP( VLOOKUP($A625,'[2]OSMEC ID + EVENT'!$A:$E,5,FALSE),Events!$B:$D,3,FALSE),) -> E004 | H623: =IF($H$1= VLOOKUP($H$1,Events!$A:$D,1,FALSE), VLOOKUP( VLOOKUP(A623,'[3]OSMEC ID + EVENT'!$A:$M,2,FALSE),Events!B:D,3,FALSE),) -> E005 | I623: =IF(I$1= VLOOKUP(I$1,Events!$A:$D,1,FALSE), VLOOKUP( VLOOKUP($A623,'[3]OSMEC ID + EVENT'!$A:$M,3,FALSE),Events!$B:$D,3,FALSE),) -> E006 | J623: =IF(J$1= VLOOKUP(J$1,Events!$A:$D,1,FALSE), VLOOKUP( VLOOKUP($A623,'[3]OSMEC ID + EVENT'!$A:$M,4,FALSE),Events!$B:$D,3,FALSE),) -> E007 | K623: =IF(K$1= VLOOKUP(K$1,Events!$A:$D,1,FALSE), VLOOKUP( VLOOKUP($A623,'[3]OSMEC ID + EVENT'!$A:$M,5,FALSE),Events!$B:$D,3,FALSE),) -> E008 | L623: =IF(L$1= VLOOKUP(L$1,Events!$A:$D,1,FALSE), VLOOKUP( VLOOKUP($A623,'[3]OSMEC ID + EVENT'!$A:$M,6,FALSE),Events!$B:$D,3,FALSE),) -> E009 | M623: =IF(M$1= VLOOKUP(M$1,Events!$A:$D,1,FALSE), VLOOKUP( VLOOKUP($A623,'[3]OSMEC ID + EVENT'!$A:$M,7,FALSE),Events!$B:$D,3,FALSE),) -> E010 | N623: =IF(N$1= VLOOKUP(N$1,Events!$A:$D,1,FALSE), VLOOKUP( VLOOKUP($A623,'[3]OSMEC ID + EVENT'!$A:$M,8,FALSE),Events!$B:$D,3,FALSE),) -> E011 | O623: =IF(O$1= VLOOKUP(O$1,Events!$A:$D,1,FALSE), VLOOKUP( VLOOKUP($A623,'[3]OSMEC ID + EVENT'!$A:$M,9,FALSE),Events!$B:$D,3,FALSE),) -> E012 | P623: =IF(P$1= VLOOKUP(P$1,Events!$A:$D,1,FALSE), VLOOKUP( VLOOKUP($A623,'[3]OSMEC ID + EVENT'!$A:$M,10,FALSE),Events!$B:$D,3,FALSE),) -> E013 | Q623: =IF(Q$1= VLOOKUP(Q$1,Events!$A:$D,1,FALSE), VLOOKUP( VLOOKUP($A623,'[3]OSMEC ID + EVENT'!$A:$M,11,FALSE),Events!$B:$D,3,FALSE),) -> E014 | R623: =IF(R$1= VLOOKUP(R$1,Events!$A:$D,1,FALSE), VLOOKUP( VLOOKUP($A623,'[3]OSMEC ID + EVENT'!$A:$M,12,FALSE),Events!$B:$D,3,FALSE),) -> E015 | S623: =IF(S$1= VLOOKUP(S$1,Events!$A:$D,1,FALSE), VLOOKUP( VLOOKUP($A623,'[3]OSMEC ID + EVENT'!$A:$M,13,FALSE),Events!$B:$D,3,FALSE),) -> E016 | T623: =IF( ISNA(MATCH(T$1,Events!$A:$A,0)), 0, VLOOKUP( VLOOKUP(A623,'[4]OSMEC ID + EVENT'!$A:$I,2,FALSE),Events!$B:$D,3,FALSE)) -> E017 | U623: =IF( ISNA(MATCH(U$1,Events!$A:$A,0)), 0, VLOOKUP( VLOOKUP($A623,'[4]OSMEC ID + EVENT'!$A:$I,3,FALSE),Events!$B:$D,3,FALSE)) -> E018 | V623: =IF( ISNA(MATCH(V$1,Events!$A:$A,0)), 0, VLOOKUP( VLOOKUP($A623,'[4]OSMEC ID + EVENT'!$A:$I,4,FALSE),Events!$B:$D,3,FALSE)) -> E019 | W623: =IF( ISNA(MATCH(W$1,Events!$A:$A,0)), 0, VLOOKUP( VLOOKUP($A623,'[4]OSMEC ID + EVENT'!$A:$I,5,FALSE),Events!$B:$D,3,FALSE)) -> E020 | X623: =IF( ISNA(MATCH(X$1,Events!$A:$A,0)), 0, VLOOKUP( VLOOKUP($A623,'[4]OSMEC ID + EVENT'!$A:$I,6,FALSE),Events!$B:$D,3,FALSE)) -> E021 | Y623: =IF( ISNA(MATCH(Y$1,Events!$A:$A,0)), 0, VLOOKUP( VLOOKUP($A623,'[4]OSMEC ID + EVENT'!$A:$I,7,FALSE),Events!$B:$D,3,FALSE)) -> E022 | Z623: =IF( ISNA(MATCH(Z$1,Events!$A:$A,0)), 0, VLOOKUP( VLOOKUP($A623,'[4]OSMEC ID + EVENT'!$A:$I,8,FALSE),Events!$B:$D,3,FALSE)) -> E023 | AA623: =IFERROR( VLOOKUP( VLOOKUP(A623,'[5]OSMEC ID + SUBJECT'!$A:$B,2,FALSE),Subjects!$B:$D,3,FALSE),"") | AB623: =IFERROR( VLOOKUP( VLOOKUP(A623,'[6]OSMEC ID + SUBJECT'!$A:$B,2,FALSE),Subjects!B:D,3,FALSE),"") | AC623: =IFERROR( VLOOKUP( VLOOKUP(A623,'[7]OSMEC-ID + SESSION'!$A:$B,2,FALSE),Subjects!$B:$D,3,FALSE),"") | AD623: =IFERROR( VLOOKUP( VLOOKUP(A623,'[8]OSMEC ID + SESSION'!$A:$B,2,FALSE),Subjects!$B:$D,3,FALSE),"") | AE623: =IFERROR( VLOOKUP( VLOOKUP(A623,'[9]OSMEC ID + SUBJECT'!$A:$B,2,FALSE),Subjects!$B:$D,3,FALSE),"") | AF623: =IFERROR( VLOOKUP( VLOOKUP(A623,'[10]OSMEC ID + SESSION'!$A:$B,2,FALSE),Subjects!$B:$D,3),"")
A624: =Deligate_List!A626 -> OSMEC-0736 | B624: =VLOOKUP(A624,Deligate_List!A:B,2,FALSE) -> SUMAYYA SHAHEEN ZAKI | C624: =IFERROR( VLOOKUP( VLOOKUP($A624,'[1]OSMEC ID + WORKSHOP'!$A:$B,2,FALSE),Workshop!A:C,3,FALSE),"") | D624: =IF($D$1 =Events!$A$2, VLOOKUP( VLOOKUP($A624,'[2]OSMEC ID + EVENT'!$A:$E,2,FALSE),Events!$B:$D,3,FALSE)) -> E001 | E624: =IF(E$1=Events!$A$3, VLOOKUP( VLOOKUP($A624,'[2]OSMEC ID + EVENT'!$A:$E,3,FALSE),Events!B:D,3,FALSE)) -> E002 | F624: =IF($F$1=Events!$A$4, VLOOKUP( VLOOKUP($A626,'[2]OSMEC ID + EVENT'!$A:$E,4,FALSE),Events!B:D,3,FALSE),) -> E003 | G624: =IF($G$1=Events!$A$5, VLOOKUP( VLOOKUP($A626,'[2]OSMEC ID + EVENT'!$A:$E,5,FALSE),Events!$B:$D,3,FALSE),) -> E004 | H624: =IF($H$1= VLOOKUP($H$1,Events!$A:$D,1,FALSE), VLOOKUP( VLOOKUP(A624,'[3]OSMEC ID + EVENT'!$A:$M,2,FALSE),Events!B:D,3,FALSE),) -> E005 | I624: =IF(I$1= VLOOKUP(I$1,Events!$A:$D,1,FALSE), VLOOKUP( VLOOKUP($A624,'[3]OSMEC ID + EVENT'!$A:$M,3,FALSE),Events!$B:$D,3,FALSE),) -> E006 | J624: =IF(J$1= VLOOKUP(J$1,Events!$A:$D,1,FALSE), VLOOKUP( VLOOKUP($A624,'[3]OSMEC ID + EVENT'!$A:$M,4,FALSE),Events!$B:$D,3,FALSE),) -> E007 | K624: =IF(K$1= VLOOKUP(K$1,Events!$A:$D,1,FALSE), VLOOKUP( VLOOKUP($A624,'[3]OSMEC ID + EVENT'!$A:$M,5,FALSE),Events!$B:$D,3,FALSE),) -> E008 | L624: =IF(L$1= VLOOKUP(L$1,Events!$A:$D,1,FALSE), VLOOKUP( VLOOKUP($A624,'[3]OSMEC ID + EVENT'!$A:$M,6,FALSE),Events!$B:$D,3,FALSE),) -> E009 | M624: =IF(M$1= VLOOKUP(M$1,Events!$A:$D,1,FALSE), VLOOKUP( VLOOKUP($A624,'[3]OSMEC ID + EVENT'!$A:$M,7,FALSE),Events!$B:$D,3,FALSE),) -> E010 | N624: =IF(N$1= VLOOKUP(N$1,Events!$A:$D,1,FALSE), VLOOKUP( VLOOKUP($A624,'[3]OSMEC ID + EVENT'!$A:$M,8,FALSE),Events!$B:$D,3,FALSE),) -> E011 | O624: =IF(O$1= VLOOKUP(O$1,Events!$A:$D,1,FALSE), VLOOKUP( VLOOKUP($A624,'[3]OSMEC ID + EVENT'!$A:$M,9,FALSE),Events!$B:$D,3,FALSE),) -> E012 | P624: =IF(P$1= VLOOKUP(P$1,Events!$A:$D,1,FALSE), VLOOKUP( VLOOKUP($A624,'[3]OSMEC ID + EVENT'!$A:$M,10,FALSE),Events!$B:$D,3,FALSE),) -> E013 | Q624: =IF(Q$1= VLOOKUP(Q$1,Events!$A:$D,1,FALSE), VLOOKUP( VLOOKUP($A624,'[3]OSMEC ID + EVENT'!$A:$M,11,FALSE),Events!$B:$D,3,FALSE),) -> E014 | R624: =IF(R$1= VLOOKUP(R$1,Events!$A:$D,1,FALSE), VLOOKUP( VLOOKUP($A624,'[3]OSMEC ID + EVENT'!$A:$M,12,FALSE),Events!$B:$D,3,FALSE),) -> E015 | S624: =IF(S$1= VLOOKUP(S$1,Events!$A:$D,1,FALSE), VLOOKUP( VLOOKUP($A624,'[3]OSMEC ID + EVENT'!$A:$M,13,FALSE),Events!$B:$D,3,FALSE),) -> E016 | T624: =IF( ISNA(MATCH(T$1,Events!$A:$A,0)), 0, VLOOKUP( VLOOKUP(A624,'[4]OSMEC ID + EVENT'!$A:$I,2,FALSE),Events!$B:$D,3,FALSE)) -> E017 | U624: =IF( ISNA(MATCH(U$1,Events!$A:$A,0)), 0, VLOOKUP( VLOOKUP($A624,'[4]OSMEC ID + EVENT'!$A:$I,3,FALSE),Events!$B:$D,3,FALSE)) -> E018 | V624: =IF( ISNA(MATCH(V$1,Events!$A:$A,0)), 0, VLOOKUP( VLOOKUP($A624,'[4]OSMEC ID + EVENT'!$A:$I,4,FALSE),Events!$B:$D,3,FALSE)) -> E019 | W624: =IF( ISNA(MATCH(W$1,Events!$A:$A,0)), 0, VLOOKUP( VLOOKUP($A624,'[4]OSMEC ID + EVENT'!$A:$I,5,FALSE),Events!$B:$D,3,FALSE)) -> E020 | X624: =IF( ISNA(MATCH(X$1,Events!$A:$A,0)), 0, VLOOKUP( VLOOKUP($A624,'[4]OSMEC ID + EVENT'!$A:$I,6,FALSE),Events!$B:$D,3,FALSE)) -> E021 | Y624: =IF( ISNA(MATCH(Y$1,Events!$A:$A,0)), 0, VLOOKUP( VLOOKUP($A624,'[4]OSMEC ID + EVENT'!$A:$I,7,FALSE),Events!$B:$D,3,FALSE)) -> E022 | Z624: =IF( ISNA(MATCH(Z$1,Events!$A:$A,0)), 0, VLOOKUP( VLOOKUP($A624,'[4]OSMEC ID + EVENT'!$A:$I,8,FALSE),Events!$B:$D,3,FALSE)) -> E023 | AA624: =IFERROR( VLOOKUP( VLOOKUP(A624,'[5]OSMEC ID + SUBJECT'!$A:$B,2,FALSE),Subjects!$B:$D,3,FALSE),"") | AB624: =IFERROR( VLOOKUP( VLOOKUP(A624,'[6]OSMEC ID + SUBJECT'!$A:$B,2,FALSE),Subjects!B:D,3,FALSE),"") | AC624: =IFERROR( VLOOKUP( VLOOKUP(A624,'[7]OSMEC-ID + SESSION'!$A:$B,2,FALSE),Subjects!$B:$D,3,FALSE),"") | AD624: =IFERROR( VLOOKUP( VLOOKUP(A624,'[8]OSMEC ID + SESSION'!$A:$B,2,FALSE),Subjects!$B:$D,3,FALSE),"") | AE624: =IFERROR( VLOOKUP( VLOOKUP(A624,'[9]OSMEC ID + SUBJECT'!$A:$B,2,FALSE),Subjects!$B:$D,3,FALSE),"") | AF624: =IFERROR( VLOOKUP( VLOOKUP(A624,'[10]OSMEC ID + SESSION'!$A:$B,2,FALSE),Subjects!$B:$D,3),"")
A625: =Deligate_List!A627 -> OSMEC-0737 | B625: =VLOOKUP(A625,Deligate_List!A:B,2,FALSE) -> KONDAPAVULURI SIRI CHANDANA | C625: =IFERROR( VLOOKUP( VLOOKUP($A625,'[1]OSMEC ID + WORKSHOP'!$A:$B,2,FALSE),Workshop!A:C,3,FALSE),"") -> W002 | D625: =IF($D$1 =Events!$A$2, VLOOKUP( VLOOKUP($A625,'[2]OSMEC ID + EVENT'!$A:$E,2,FALSE),Events!$B:$D,3,FALSE)) -> E001 | E625: =IF(E$1=Events!$A$3, VLOOKUP( VLOOKUP($A625,'[2]OSMEC ID + EVENT'!$A:$E,3,FALSE),Events!B:D,3,FALSE)) -> E002 | F625: =IF($F$1=Events!$A$4, VLOOKUP( VLOOKUP($A627,'[2]OSMEC ID + EVENT'!$A:$E,4,FALSE),Events!B:D,3,FALSE),) -> E003 | G625: =IF($G$1=Events!$A$5, VLOOKUP( VLOOKUP($A627,'[2]OSMEC ID + EVENT'!$A:$E,5,FALSE),Events!$B:$D,3,FALSE),) -> E004 | H625: =IF($H$1= VLOOKUP($H$1,Events!$A:$D,1,FALSE), VLOOKUP( VLOOKUP(A625,'[3]OSMEC ID + EVENT'!$A:$M,2,FALSE),Events!B:D,3,FALSE),) -> E005 | I625: =IF(I$1= VLOOKUP(I$1,Events!$A:$D,1,FALSE), VLOOKUP( VLOOKUP($A625,'[3]OSMEC ID + EVENT'!$A:$M,3,FALSE),Events!$B:$D,3,FALSE),) -> E006 | J625: =IF(J$1= VLOOKUP(J$1,Events!$A:$D,1,FALSE), VLOOKUP( VLOOKUP($A625,'[3]OSMEC ID + EVENT'!$A:$M,4,FALSE),Events!$B:$D,3,FALSE),) -> E007 | K625: =IF(K$1= VLOOKUP(K$1,Events!$A:$D,1,FALSE), VLOOKUP( VLOOKUP($A625,'[3]OSMEC ID + EVENT'!$A:$M,5,FALSE),Events!$B:$D,3,FALSE),) -> E008 | L625: =IF(L$1= VLOOKUP(L$1,Events!$A:$D,1,FALSE), VLOOKUP( VLOOKUP($A625,'[3]OSMEC ID + EVENT'!$A:$M,6,FALSE),Events!$B:$D,3,FALSE),) -> E009 | M625: =IF(M$1= VLOOKUP(M$1,Events!$A:$D,1,FALSE), VLOOKUP( VLOOKUP($A625,'[3]OSMEC ID + EVENT'!$A:$M,7,FALSE),Events!$B:$D,3,FALSE),) -> E010 | N625: =IF(N$1= VLOOKUP(N$1,Events!$A:$D,1,FALSE), VLOOKUP( VLOOKUP($A625,'[3]OSMEC ID + EVENT'!$A:$M,8,FALSE),Events!$B:$D,3,FALSE),) -> E011 | O625: =IF(O$1= VLOOKUP(O$1,Events!$A:$D,1,FALSE), VLOOKUP( VLOOKUP($A625,'[3]OSMEC ID + EVENT'!$A:$M,9,FALSE),Events!$B:$D,3,FALSE),) -> E012 | P625: =IF(P$1= VLOOKUP(P$1,Events!$A:$D,1,FALSE), VLOOKUP( VLOOKUP($A625,'[3]OSMEC ID + EVENT'!$A:$M,10,FALSE),Events!$B:$D,3,FALSE),) -> E013 | Q625: =IF(Q$1= VLOOKUP(Q$1,Events!$A:$D,1,FALSE), VLOOKUP( VLOOKUP($A625,'[3]OSMEC ID + EVENT'!$A:$M,11,FALSE),Events!$B:$D,3,FALSE),) -> E014 | R625: =IF(R$1= VLOOKUP(R$1,Events!$A:$D,1,FALSE), VLOOKUP( VLOOKUP($A625,'[3]OSMEC ID + EVENT'!$A:$M,12,FALSE),Events!$B:$D,3,FALSE),) -> E015 | S625: =IF(S$1= VLOOKUP(S$1,Events!$A:$D,1,FALSE), VLOOKUP( VLOOKUP($A625,'[3]OSMEC ID + EVENT'!$A:$M,13,FALSE),Events!$B:$D,3,FALSE),) -> E016 | T625: =IF( ISNA(MATCH(T$1,Events!$A:$A,0)), 0, VLOOKUP( VLOOKUP(A625,'[4]OSMEC ID + EVENT'!$A:$I,2,FALSE),Events!$B:$D,3,FALSE)) -> E017 | U625: =IF( ISNA(MATCH(U$1,Events!$A:$A,0)), 0, VLOOKUP( VLOOKUP($A625,'[4]OSMEC ID + EVENT'!$A:$I,3,FALSE),Events!$B:$D,3,FALSE)) -> E018 | V625: =IF( ISNA(MATCH(V$1,Events!$A:$A,0)), 0, VLOOKUP( VLOOKUP($A625,'[4]OSMEC ID + EVENT'!$A:$I,4,FALSE),Events!$B:$D,3,FALSE)) -> E019 | W625: =IF( ISNA(MATCH(W$1,Events!$A:$A,0)), 0, VLOOKUP( VLOOKUP($A625,'[4]OSMEC ID + EVENT'!$A:$I,5,FALSE),Events!$B:$D,3,FALSE)) -> E020 | X625: =IF( ISNA(MATCH(X$1,Events!$A:$A,0)), 0, VLOOKUP( VLOOKUP($A625,'[4]OSMEC ID + EVENT'!$A:$I,6,FALSE),Events!$B:$D,3,FALSE)) -> E021 | Y625: =IF( ISNA(MATCH(Y$1,Events!$A:$A,0)), 0, VLOOKUP( VLOOKUP($A625,'[4]OSMEC ID + EVENT'!$A:$I,7,FALSE),Events!$B:$D,3,FALSE)) -> E022 | Z625: =IF( ISNA(MATCH(Z$1,Events!$A:$A,0)), 0, VLOOKUP( VLOOKUP($A625,'[4]OSMEC ID + EVENT'!$A:$I,8,FALSE),Events!$B:$D,3,FALSE)) -> E023 | AA625: =IFERROR( VLOOKUP( VLOOKUP(A625,'[5]OSMEC ID + SUBJECT'!$A:$B,2,FALSE),Subjects!$B:$D,3,FALSE),"") | AB625: =IFERROR( VLOOKUP( VLOOKUP(A625,'[6]OSMEC ID + SUBJECT'!$A:$B,2,FALSE),Subjects!B:D,3,FALSE),"") | AC625: =IFERROR( VLOOKUP( VLOOKUP(A625,'[7]OSMEC-ID + SESSION'!$A:$B,2,FALSE),Subjects!$B:$D,3,FALSE),"") | AD625: =IFERROR( VLOOKUP( VLOOKUP(A625,'[8]OSMEC ID + SESSION'!$A:$B,2,FALSE),Subjects!$B:$D,3,FALSE),"") | AE625: =IFERROR( VLOOKUP( VLOOKUP(A625,'[9]OSMEC ID + SUBJECT'!$A:$B,2,FALSE),Subjects!$B:$D,3,FALSE),"") -> S016 | AF625: =IFERROR( VLOOKUP( VLOOKUP(A625,'[10]OSMEC ID + SESSION'!$A:$B,2,FALSE),Subjects!$B:$D,3),"")
A626: =Deligate_List!A628 -> OSMEC-0738 | B626: =VLOOKUP(A626,Deligate_List!A:B,2,FALSE) -> HAFSA AMER | C626: =IFERROR( VLOOKUP( VLOOKUP($A626,'[1]OSMEC ID + WORKSHOP'!$A:$B,2,FALSE),Workshop!A:C,3,FALSE),"") -> W001 | D626: =IF($D$1 =Events!$A$2, VLOOKUP( VLOOKUP($A626,'[2]OSMEC ID + EVENT'!$A:$E,2,FALSE),Events!$B:$D,3,FALSE)) -> E001 | E626: =IF(E$1=Events!$A$3, VLOOKUP( VLOOKUP($A626,'[2]OSMEC ID + EVENT'!$A:$E,3,FALSE),Events!B:D,3,FALSE)) -> E002 | F626: =IF($F$1=Events!$A$4, VLOOKUP( VLOOKUP($A628,'[2]OSMEC ID + EVENT'!$A:$E,4,FALSE),Events!B:D,3,FALSE),) -> E003 | G626: =IF($G$1=Events!$A$5, VLOOKUP( VLOOKUP($A628,'[2]OSMEC ID + EVENT'!$A:$E,5,FALSE),Events!$B:$D,3,FALSE),) -> E004 | H626: =IF($H$1= VLOOKUP($H$1,Events!$A:$D,1,FALSE), VLOOKUP( VLOOKUP(A626,'[3]OSMEC ID + EVENT'!$A:$M,2,FALSE),Events!B:D,3,FALSE),) -> E005 | I626: =IF(I$1= VLOOKUP(I$1,Events!$A:$D,1,FALSE), VLOOKUP( VLOOKUP($A626,'[3]OSMEC ID + EVENT'!$A:$M,3,FALSE),Events!$B:$D,3,FALSE),) -> E006 | J626: =IF(J$1= VLOOKUP(J$1,Events!$A:$D,1,FALSE), VLOOKUP( VLOOKUP($A626,'[3]OSMEC ID + EVENT'!$A:$M,4,FALSE),Events!$B:$D,3,FALSE),) -> E007 | K626: =IF(K$1= VLOOKUP(K$1,Events!$A:$D,1,FALSE), VLOOKUP( VLOOKUP($A626,'[3]OSMEC ID + EVENT'!$A:$M,5,FALSE),Events!$B:$D,3,FALSE),) -> E008 | L626: =IF(L$1= VLOOKUP(L$1,Events!$A:$D,1,FALSE), VLOOKUP( VLOOKUP($A626,'[3]OSMEC ID + EVENT'!$A:$M,6,FALSE),Events!$B:$D,3,FALSE),) -> E009 | M626: =IF(M$1= VLOOKUP(M$1,Events!$A:$D,1,FALSE), VLOOKUP( VLOOKUP($A626,'[3]OSMEC ID + EVENT'!$A:$M,7,FALSE),Events!$B:$D,3,FALSE),) -> E010 | N626: =IF(N$1= VLOOKUP(N$1,Events!$A:$D,1,FALSE), VLOOKUP( VLOOKUP($A626,'[3]OSMEC ID + EVENT'!$A:$M,8,FALSE),Events!$B:$D,3,FALSE),) -> E011 | O626: =IF(O$1= VLOOKUP(O$1,Events!$A:$D,1,FALSE), VLOOKUP( VLOOKUP($A626,'[3]OSMEC ID + EVENT'!$A:$M,9,FALSE),Events!$B:$D,3,FALSE),) -> E012 | P626: =IF(P$1= VLOOKUP(P$1,Events!$A:$D,1,FALSE), VLOOKUP( VLOOKUP($A626,'[3]OSMEC ID + EVENT'!$A:$M,10,FALSE),Events!$B:$D,3,FALSE),) -> E013 | Q626: =IF(Q$1= VLOOKUP(Q$1,Events!$A:$D,1,FALSE), VLOOKUP( VLOOKUP($A626,'[3]OSMEC ID + EVENT'!$A:$M,11,FALSE),Events!$B:$D,3,FALSE),) -> E014 | R626: =IF(R$1= VLOOKUP(R$1,Events!$A:$D,1,FALSE), VLOOKUP( VLOOKUP($A626,'[3]OSMEC ID + EVENT'!$A:$M,12,FALSE),Events!$B:$D,3,FALSE),) -> E015 | S626: =IF(S$1= VLOOKUP(S$1,Events!$A:$D,1,FALSE), VLOOKUP( VLOOKUP($A626,'[3]OSMEC ID + EVENT'!$A:$M,13,FALSE),Events!$B:$D,3,FALSE),) -> E016 | T626: =IF( ISNA(MATCH(T$1,Events!$A:$A,0)), 0, VLOOKUP( VLOOKUP(A626,'[4]OSMEC ID + EVENT'!$A:$I,2,FALSE),Events!$B:$D,3,FALSE)) -> E017 | U626: =IF( ISNA(MATCH(U$1,Events!$A:$A,0)), 0, VLOOKUP( VLOOKUP($A626,'[4]OSMEC ID + EVENT'!$A:$I,3,FALSE),Events!$B:$D,3,FALSE)) -> E018 | V626: =IF( ISNA(MATCH(V$1,Events!$A:$A,0)), 0, VLOOKUP( VLOOKUP($A626,'[4]OSMEC ID + EVENT'!$A:$I,4,FALSE),Events!$B:$D,3,FALSE)) -> E019 | W626: =IF( ISNA(MATCH(W$1,Events!$A:$A,0)), 0, VLOOKUP( VLOOKUP($A626,'[4]OSMEC ID + EVENT'!$A:$I,5,FALSE),Events!$B:$D,3,FALSE)) -> E020 | X626: =IF( ISNA(MATCH(X$1,Events!$A:$A,0)), 0, VLOOKUP( VLOOKUP($A626,'[4]OSMEC ID + EVENT'!$A:$I,6,FALSE),Events!$B:$D,3,FALSE)) -> E021 | Y626: =IF( ISNA(MATCH(Y$1,Events!$A:$A,0)), 0, VLOOKUP( VLOOKUP($A626,'[4]OSMEC ID + EVENT'!$A:$I,7,FALSE),Events!$B:$D,3,FALSE)) -> E022 | Z626: =IF( ISNA(MATCH(Z$1,Events!$A:$A,0)), 0, VLOOKUP( VLOOKUP($A626,'[4]OSMEC ID + EVENT'!$A:$I,8,FALSE),Events!$B:$D,3,FALSE)) -> E023 | AA626: =IFERROR( VLOOKUP( VLOOKUP(A626,'[5]OSMEC ID + SUBJECT'!$A:$B,2,FALSE),Subjects!$B:$D,3,FALSE),"") | AB626: =IFERROR( VLOOKUP( VLOOKUP(A626,'[6]OSMEC ID + SUBJECT'!$A:$B,2,FALSE),Subjects!B:D,3,FALSE),"") | AC626: =IFERROR( VLOOKUP( VLOOKUP(A626,'[7]OSMEC-ID + SESSION'!$A:$B,2,FALSE),Subjects!$B:$D,3,FALSE),"") | AD626: =IFERROR( VLOOKUP( VLOOKUP(A626,'[8]OSMEC ID + SESSION'!$A:$B,2,FALSE),Subjects!$B:$D,3,FALSE),"") | AE626: =IFERROR( VLOOKUP( VLOOKUP(A626,'[9]OSMEC ID + SUBJECT'!$A:$B,2,FALSE),Subjects!$B:$D,3,FALSE),"") | AF626: =IFERROR( VLOOKUP( VLOOKUP(A626,'[10]OSMEC ID + SESSION'!$A:$B,2,FALSE),Subjects!$B:$D,3),"")
A627: =Deligate_List!A629 -> OSMEC-0739 | B627: =VLOOKUP(A627,Deligate_List!A:B,2,FALSE) -> JHASYA REDDY GUDIGOPURAM | C627: =IFERROR( VLOOKUP( VLOOKUP($A627,'[1]OSMEC ID + WORKSHOP'!$A:$B,2,FALSE),Workshop!A:C,3,FALSE),"") -> W009 | D627: =IF($D$1 =Events!$A$2, VLOOKUP( VLOOKUP($A627,'[2]OSMEC ID + EVENT'!$A:$E,2,FALSE),Events!$B:$D,3,FALSE)) -> E001 | E627: =IF(E$1=Events!$A$3, VLOOKUP( VLOOKUP($A627,'[2]OSMEC ID + EVENT'!$A:$E,3,FALSE),Events!B:D,3,FALSE)) -> E002 | F627: =IF($F$1=Events!$A$4, VLOOKUP( VLOOKUP($A629,'[2]OSMEC ID + EVENT'!$A:$E,4,FALSE),Events!B:D,3,FALSE),) -> E003 | G627: =IF($G$1=Events!$A$5, VLOOKUP( VLOOKUP($A629,'[2]OSMEC ID + EVENT'!$A:$E,5,FALSE),Events!$B:$D,3,FALSE),) -> E004 | H627: =IF($H$1= VLOOKUP($H$1,Events!$A:$D,1,FALSE), VLOOKUP( VLOOKUP(A627,'[3]OSMEC ID + EVENT'!$A:$M,2,FALSE),Events!B:D,3,FALSE),) -> E005 | I627: =IF(I$1= VLOOKUP(I$1,Events!$A:$D,1,FALSE), VLOOKUP( VLOOKUP($A627,'[3]OSMEC ID + EVENT'!$A:$M,3,FALSE),Events!$B:$D,3,FALSE),) -> E006 | J627: =IF(J$1= VLOOKUP(J$1,Events!$A:$D,1,FALSE), VLOOKUP( VLOOKUP($A627,'[3]OSMEC ID + EVENT'!$A:$M,4,FALSE),Events!$B:$D,3,FALSE),) -> E007 | K627: =IF(K$1= VLOOKUP(K$1,Events!$A:$D,1,FALSE), VLOOKUP( VLOOKUP($A627,'[3]OSMEC ID + EVENT'!$A:$M,5,FALSE),Events!$B:$D,3,FALSE),) -> E008 | L627: =IF(L$1= VLOOKUP(L$1,Events!$A:$D,1,FALSE), VLOOKUP( VLOOKUP($A627,'[3]OSMEC ID + EVENT'!$A:$M,6,FALSE),Events!$B:$D,3,FALSE),) -> E009 | M627: =IF(M$1= VLOOKUP(M$1,Events!$A:$D,1,FALSE), VLOOKUP( VLOOKUP($A627,'[3]OSMEC ID + EVENT'!$A:$M,7,FALSE),Events!$B:$D,3,FALSE),) -> E010 | N627: =IF(N$1= VLOOKUP(N$1,Events!$A:$D,1,FALSE), VLOOKUP( VLOOKUP($A627,'[3]OSMEC ID + EVENT'!$A:$M,8,FALSE),Events!$B:$D,3,FALSE),) -> E011 | O627: =IF(O$1= VLOOKUP(O$1,Events!$A:$D,1,FALSE), VLOOKUP( VLOOKUP($A627,'[3]OSMEC ID + EVENT'!$A:$M,9,FALSE),Events!$B:$D,3,FALSE),) -> E012 | P627: =IF(P$1= VLOOKUP(P$1,Events!$A:$D,1,FALSE), VLOOKUP( VLOOKUP($A627,'[3]OSMEC ID + EVENT'!$A:$M,10,FALSE),Events!$B:$D,3,FALSE),) -> E013 | Q627: =IF(Q$1= VLOOKUP(Q$1,Events!$A:$D,1,FALSE), VLOOKUP( VLOOKUP($A627,'[3]OSMEC ID + EVENT'!$A:$M,11,FALSE),Events!$B:$D,3,FALSE),) -> E014 | R627: =IF(R$1= VLOOKUP(R$1,Events!$A:$D,1,FALSE), VLOOKUP( VLOOKUP($A627,'[3]OSMEC ID + EVENT'!$A:$M,12,FALSE),Events!$B:$D,3,FALSE),) -> E015 | S627: =IF(S$1= VLOOKUP(S$1,Events!$A:$D,1,FALSE), VLOOKUP( VLOOKUP($A627,'[3]OSMEC ID + EVENT'!$A:$M,13,FALSE),Events!$B:$D,3,FALSE),) -> E016 | T627: =IF( ISNA(MATCH(T$1,Events!$A:$A,0)), 0, VLOOKUP( VLOOKUP(A627,'[4]OSMEC ID + EVENT'!$A:$I,2,FALSE),Events!$B:$D,3,FALSE)) -> E017 | U627: =IF( ISNA(MATCH(U$1,Events!$A:$A,0)), 0, VLOOKUP( VLOOKUP($A627,'[4]OSMEC ID + EVENT'!$A:$I,3,FALSE),Events!$B:$D,3,FALSE)) -> E018 | V627: =IF( ISNA(MATCH(V$1,Events!$A:$A,0)), 0, VLOOKUP( VLOOKUP($A627,'[4]OSMEC ID + EVENT'!$A:$I,4,FALSE),Events!$B:$D,3,FALSE)) -> E019 | W627: =IF( ISNA(MATCH(W$1,Events!$A:$A,0)), 0, VLOOKUP( VLOOKUP($A627,'[4]OSMEC ID + EVENT'!$A:$I,5,FALSE),Events!$B:$D,3,FALSE)) -> E020 | X627: =IF( ISNA(MATCH(X$1,Events!$A:$A,0)), 0, VLOOKUP( VLOOKUP($A627,'[4]OSMEC ID + EVENT'!$A:$I,6,FALSE),Events!$B:$D,3,FALSE)) -> E021 | Y627: =IF( ISNA(MATCH(Y$1,Events!$A:$A,0)), 0, VLOOKUP( VLOOKUP($A627,'[4]OSMEC ID + EVENT'!$A:$I,7,FALSE),Events!$B:$D,3,FALSE)) -> E022 | Z627: =IF( ISNA(MATCH(Z$1,Events!$A:$A,0)), 0, VLOOKUP( VLOOKUP($A627,'[4]OSMEC ID + EVENT'!$A:$I,8,FALSE),Events!$B:$D,3,FALSE)) -> E023 | AA627: =IFERROR( VLOOKUP( VLOOKUP(A627,'[5]OSMEC ID + SUBJECT'!$A:$B,2,FALSE),Subjects!$B:$D,3,FALSE),"") | AB627: =IFERROR( VLOOKUP( VLOOKUP(A627,'[6]OSMEC ID + SUBJECT'!$A:$B,2,FALSE),Subjects!B:D,3,FALSE),"") | AC627: =IFERROR( VLOOKUP( VLOOKUP(A627,'[7]OSMEC-ID + SESSION'!$A:$B,2,FALSE),Subjects!$B:$D,3,FALSE),"") | AD627: =IFERROR( VLOOKUP( VLOOKUP(A627,'[8]OSMEC ID + SESSION'!$A:$B,2,FALSE),Subjects!$B:$D,3,FALSE),"") | AE627: =IFERROR( VLOOKUP( VLOOKUP(A627,'[9]OSMEC ID + SUBJECT'!$A:$B,2,FALSE),Subjects!$B:$D,3,FALSE),"") | AF627: =IFERROR( VLOOKUP( VLOOKUP(A627,'[10]OSMEC ID + SESSION'!$A:$B,2,FALSE),Subjects!$B:$D,3),"")
A628: =Deligate_List!A630 -> OSMEC-0741 | B628: =VLOOKUP(A628,Deligate_List!A:B,2,FALSE) -> B SARAYU | C628: =IFERROR( VLOOKUP( VLOOKUP($A628,'[1]OSMEC ID + WORKSHOP'!$A:$B,2,FALSE),Workshop!A:C,3,FALSE),"") -> W012 | D628: =IF($D$1 =Events!$A$2, VLOOKUP( VLOOKUP($A628,'[2]OSMEC ID + EVENT'!$A:$E,2,FALSE),Events!$B:$D,3,FALSE)) -> E001 | E628: =IF(E$1=Events!$A$3, VLOOKUP( VLOOKUP($A628,'[2]OSMEC ID + EVENT'!$A:$E,3,FALSE),Events!B:D,3,FALSE)) -> E002 | F628: =IF($F$1=Events!$A$4, VLOOKUP( VLOOKUP($A630,'[2]OSMEC ID + EVENT'!$A:$E,4,FALSE),Events!B:D,3,FALSE),) -> E003 | G628: =IF($G$1=Events!$A$5, VLOOKUP( VLOOKUP($A630,'[2]OSMEC ID + EVENT'!$A:$E,5,FALSE),Events!$B:$D,3,FALSE),) -> E004 | H628: =IF($H$1= VLOOKUP($H$1,Events!$A:$D,1,FALSE), VLOOKUP( VLOOKUP(A628,'[3]OSMEC ID + EVENT'!$A:$M,2,FALSE),Events!B:D,3,FALSE),) -> E005 | I628: =IF(I$1= VLOOKUP(I$1,Events!$A:$D,1,FALSE), VLOOKUP( VLOOKUP($A628,'[3]OSMEC ID + EVENT'!$A:$M,3,FALSE),Events!$B:$D,3,FALSE),) -> E006 | J628: =IF(J$1= VLOOKUP(J$1,Events!$A:$D,1,FALSE), VLOOKUP( VLOOKUP($A628,'[3]OSMEC ID + EVENT'!$A:$M,4,FALSE),Events!$B:$D,3,FALSE),) -> E007 | K628: =IF(K$1= VLOOKUP(K$1,Events!$A:$D,1,FALSE), VLOOKUP( VLOOKUP($A628,'[3]OSMEC ID + EVENT'!$A:$M,5,FALSE),Events!$B:$D,3,FALSE),) -> E008 | L628: =IF(L$1= VLOOKUP(L$1,Events!$A:$D,1,FALSE), VLOOKUP( VLOOKUP($A628,'[3]OSMEC ID + EVENT'!$A:$M,6,FALSE),Events!$B:$D,3,FALSE),) -> E009 | M628: =IF(M$1= VLOOKUP(M$1,Events!$A:$D,1,FALSE), VLOOKUP( VLOOKUP($A628,'[3]OSMEC ID + EVENT'!$A:$M,7,FALSE),Events!$B:$D,3,FALSE),) -> E010 | N628: =IF(N$1= VLOOKUP(N$1,Events!$A:$D,1,FALSE), VLOOKUP( VLOOKUP($A628,'[3]OSMEC ID + EVENT'!$A:$M,8,FALSE),Events!$B:$D,3,FALSE),) -> E011 | O628: =IF(O$1= VLOOKUP(O$1,Events!$A:$D,1,FALSE), VLOOKUP( VLOOKUP($A628,'[3]OSMEC ID + EVENT'!$A:$M,9,FALSE),Events!$B:$D,3,FALSE),) -> E012 | P628: =IF(P$1= VLOOKUP(P$1,Events!$A:$D,1,FALSE), VLOOKUP( VLOOKUP($A628,'[3]OSMEC ID + EVENT'!$A:$M,10,FALSE),Events!$B:$D,3,FALSE),) -> E013 | Q628: =IF(Q$1= VLOOKUP(Q$1,Events!$A:$D,1,FALSE), VLOOKUP( VLOOKUP($A628,'[3]OSMEC ID + EVENT'!$A:$M,11,FALSE),Events!$B:$D,3,FALSE),) -> E014 | R628: =IF(R$1= VLOOKUP(R$1,Events!$A:$D,1,FALSE), VLOOKUP( VLOOKUP($A628,'[3]OSMEC ID + EVENT'!$A:$M,12,FALSE),Events!$B:$D,3,FALSE),) -> E015 | S628: =IF(S$1= VLOOKUP(S$1,Events!$A:$D,1,FALSE), VLOOKUP( VLOOKUP($A628,'[3]OSMEC ID + EVENT'!$A:$M,13,FALSE),Events!$B:$D,3,FALSE),) -> E016 | T628: =IF( ISNA(MATCH(T$1,Events!$A:$A,0)), 0, VLOOKUP( VLOOKUP(A628,'[4]OSMEC ID + EVENT'!$A:$I,2,FALSE),Events!$B:$D,3,FALSE)) -> E017 | U628: =IF( ISNA(MATCH(U$1,Events!$A:$A,0)), 0, VLOOKUP( VLOOKUP($A628,'[4]OSMEC ID + EVENT'!$A:$I,3,FALSE),Events!$B:$D,3,FALSE)) -> E018 | V628: =IF( ISNA(MATCH(V$1,Events!$A:$A,0)), 0, VLOOKUP( VLOOKUP($A628,'[4]OSMEC ID + EVENT'!$A:$I,4,FALSE),Events!$B:$D,3,FALSE)) -> E019 | W628: =IF( ISNA(MATCH(W$1,Events!$A:$A,0)), 0, VLOOKUP( VLOOKUP($A628,'[4]OSMEC ID + EVENT'!$A:$I,5,FALSE),Events!$B:$D,3,FALSE)) -> E020 | X628: =IF( ISNA(MATCH(X$1,Events!$A:$A,0)), 0, VLOOKUP( VLOOKUP($A628,'[4]OSMEC ID + EVENT'!$A:$I,6,FALSE),Events!$B:$D,3,FALSE)) -> E021 | Y628: =IF( ISNA(MATCH(Y$1,Events!$A:$A,0)), 0, VLOOKUP( VLOOKUP($A628,'[4]OSMEC ID + EVENT'!$A:$I,7,FALSE),Events!$B:$D,3,FALSE)) -> E022 | Z628: =IF( ISNA(MATCH(Z$1,Events!$A:$A,0)), 0, VLOOKUP( VLOOKUP($A628,'[4]OSMEC ID + EVENT'!$A:$I,8,FALSE),Events!$B:$D,3,FALSE)) -> E023 | AA628: =IFERROR( VLOOKUP( VLOOKUP(A628,'[5]OSMEC ID + SUBJECT'!$A:$B,2,FALSE),Subjects!$B:$D,3,FALSE),"") | AB628: =IFERROR( VLOOKUP( VLOOKUP(A628,'[6]OSMEC ID + SUBJECT'!$A:$B,2,FALSE),Subjects!B:D,3,FALSE),"") | AC628: =IFERROR( VLOOKUP( VLOOKUP(A628,'[7]OSMEC-ID + SESSION'!$A:$B,2,FALSE),Subjects!$B:$D,3,FALSE),"") | AD628: =IFERROR( VLOOKUP( VLOOKUP(A628,'[8]OSMEC ID + SESSION'!$A:$B,2,FALSE),Subjects!$B:$D,3,FALSE),"") | AE628: =IFERROR( VLOOKUP( VLOOKUP(A628,'[9]OSMEC ID + SUBJECT'!$A:$B,2,FALSE),Subjects!$B:$D,3,FALSE),"") | AF628: =IFERROR( VLOOKUP( VLOOKUP(A628,'[10]OSMEC ID + SESSION'!$A:$B,2,FALSE),Subjects!$B:$D,3),"")
... A957: =Deligate_List!A959 -> OSMEC-1255 | B957: =VLOOKUP(A957,Deligate_List!A:B,2,FALSE) -> ANKIREDDY TEJAS SAI REDDY | C957: =IFERROR( VLOOKUP( VLOOKUP($A957,'[1]OSMEC ID + WORKSHOP'!$A:$B,2,FALSE),Workshop!A:C,3,FALSE),"") | D957: =IF($D$1 =Events!$A$2, VLOOKUP( VLOOKUP($A957,'[2]OSMEC ID + EVENT'!$A:$E,2,FALSE),Events!$B:$D,3,FALSE)) -> E001 | E957: =IF(E$1=Events!$A$3, VLOOKUP( VLOOKUP($A957,'[2]OSMEC ID + EVENT'!$A:$E,3,FALSE),Events!B:D,3,FALSE)) -> E002 | F957: =IF($F$1=Events!$A$4, VLOOKUP( VLOOKUP($A959,'[2]OSMEC ID + EVENT'!$A:$E,4,FALSE),Events!B:D,3,FALSE),) -> E003 | G957: =IF($G$1=Events!$A$5, VLOOKUP( VLOOKUP($A959,'[2]OSMEC ID + EVENT'!$A:$E,5,FALSE),Events!$B:$D,3,FALSE),) -> E004 | H957: =IF($H$1= VLOOKUP($H$1,Events!$A:$D,1,FALSE), VLOOKUP( VLOOKUP(A957,'[3]OSMEC ID + EVENT'!$A:$M,2,FALSE),Events!B:D,3,FALSE),) -> E005 | I957: =IF(I$1= VLOOKUP(I$1,Events!$A:$D,1,FALSE), VLOOKUP( VLOOKUP($A957,'[3]OSMEC ID + EVENT'!$A:$M,3,FALSE),Events!$B:$D,3,FALSE),) -> E006 | J957: =IF(J$1= VLOOKUP(J$1,Events!$A:$D,1,FALSE), VLOOKUP( VLOOKUP($A957,'[3]OSMEC ID + EVENT'!$A:$M,4,FALSE),Events!$B:$D,3,FALSE),) -> E007 | K957: =IF(K$1= VLOOKUP(K$1,Events!$A:$D,1,FALSE), VLOOKUP( VLOOKUP($A957,'[3]OSMEC ID + EVENT'!$A:$M,5,FALSE),Events!$B:$D,3,FALSE),) -> E008 | L957: =IF(L$1= VLOOKUP(L$1,Events!$A:$D,1,FALSE), VLOOKUP( VLOOKUP($A957,'[3]OSMEC ID + EVENT'!$A:$M,6,FALSE),Events!$B:$D,3,FALSE),) -> E009 | M957: =IF(M$1= VLOOKUP(M$1,Events!$A:$D,1,FALSE), VLOOKUP( VLOOKUP($A957,'[3]OSMEC ID + EVENT'!$A:$M,7,FALSE),Events!$B:$D,3,FALSE),) -> E010 | N957: =IF(N$1= VLOOKUP(N$1,Events!$A:$D,1,FALSE), VLOOKUP( VLOOKUP($A957,'[3]OSMEC ID + EVENT'!$A:$M,8,FALSE),Events!$B:$D,3,FALSE),) -> E011 | O957: =IF(O$1= VLOOKUP(O$1,Events!$A:$D,1,FALSE), VLOOKUP( VLOOKUP($A957,'[3]OSMEC ID + EVENT'!$A:$M,9,FALSE),Events!$B:$D,3,FALSE),) -> E012 | P957: =IF(P$1= VLOOKUP(P$1,Events!$A:$D,1,FALSE), VLOOKUP( VLOOKUP($A957,'[3]OSMEC ID + EVENT'!$A:$M,10,FALSE),Events!$B:$D,3,FALSE),) -> E013 | Q957: =IF(Q$1= VLOOKUP(Q$1,Events!$A:$D,1,FALSE), VLOOKUP( VLOOKUP($A957,'[3]OSMEC ID + EVENT'!$A:$M,11,FALSE),Events!$B:$D,3,FALSE),) -> E014 | R957: =IF(R$1= VLOOKUP(R$1,Events!$A:$D,1,FALSE), VLOOKUP( VLOOKUP($A957,'[3]OSMEC ID + EVENT'!$A:$M,12,FALSE),Events!$B:$D,3,FALSE),) -> E015 | S957: =IF(S$1= VLOOKUP(S$1,Events!$A:$D,1,FALSE), VLOOKUP( VLOOKUP($A957,'[3]OSMEC ID + EVENT'!$A:$M,13,FALSE),Events!$B:$D,3,FALSE),) -> E016 | T957: =IF( ISNA(MATCH(T$1,Events!$A:$A,0)), 0, VLOOKUP( VLOOKUP(A957,'[4]OSMEC ID + EVENT'!$A:$I,2,FALSE),Events!$B:$D,3,FALSE)) -> E017 | U957: =IF( ISNA(MATCH(U$1,Events!$A:$A,0)), 0, VLOOKUP( VLOOKUP($A957,'[4]OSMEC ID + EVENT'!$A:$I,3,FALSE),Events!$B:$D,3,FALSE)) -> E018 | V957: =IF( ISNA(MATCH(V$1,Events!$A:$A,0)), 0, VLOOKUP( VLOOKUP($A957,'[4]OSMEC ID + EVENT'!$A:$I,4,FALSE),Events!$B:$D,3,FALSE)) -> E019 | W957: =IF( ISNA(MATCH(W$1,Events!$A:$A,0)), 0, VLOOKUP( VLOOKUP($A957,'[4]OSMEC ID + EVENT'!$A:$I,5,FALSE),Events!$B:$D,3,FALSE)) -> E020 | X957: =IF( ISNA(MATCH(X$1,Events!$A:$A,0)), 0, VLOOKUP( VLOOKUP($A957,'[4]OSMEC ID + EVENT'!$A:$I,6,FALSE),Events!$B:$D,3,FALSE)) -> E021 | Y957: =IF( ISNA(MATCH(Y$1,Events!$A:$A,0)), 0, VLOOKUP( VLOOKUP($A957,'[4]OSMEC ID + EVENT'!$A:$I,7,FALSE),Events!$B:$D,3,FALSE)) -> E022 | Z957: =IF( ISNA(MATCH(Z$1,Events!$A:$A,0)), 0, VLOOKUP( VLOOKUP($A957,'[4]OSMEC ID + EVENT'!$A:$I,8,FALSE),Events!$B:$D,3,FALSE)) -> E023 | AA957: =IFERROR( VLOOKUP( VLOOKUP(A957,'[5]OSMEC ID + SUBJECT'!$A:$B,2,FALSE),Subjects!$B:$D,3,FALSE),"") | AB957: =IFERROR( VLOOKUP( VLOOKUP(A957,'[6]OSMEC ID + SUBJECT'!$A:$B,2,FALSE),Subjects!B:D,3,FALSE),"") | AC957: =IFERROR( VLOOKUP( VLOOKUP(A957,'[7]OSMEC-ID + SESSION'!$A:$B,2,FALSE),Subjects!$B:$D,3,FALSE),"") | AD957: =IFERROR( VLOOKUP( VLOOKUP(A957,'[8]OSMEC ID + SESSION'!$A:$B,2,FALSE),Subjects!$B:$D,3,FALSE),"") | AE957: =IFERROR( VLOOKUP( VLOOKUP(A957,'[9]OSMEC ID + SUBJECT'!$A:$B,2,FALSE),Subjects!$B:$D,3,FALSE),"") | AF957: =IFERROR( VLOOKUP( VLOOKUP(A957,'[10]OSMEC ID + SESSION'!$A:$B,2,FALSE),Subjects!$B:$D,3),"")
A958: =Deligate_List!A960 -> OSMEC-1258 | B958: =VLOOKUP(A958,Deligate_List!A:B,2,FALSE) -> KOMMALAPATI SHREYA | C958: =IFERROR( VLOOKUP( VLOOKUP($A958,'[1]OSMEC ID + WORKSHOP'!$A:$B,2,FALSE),Workshop!A:C,3,FALSE),"") | D958: =IF($D$1 =Events!$A$2, VLOOKUP( VLOOKUP($A958,'[2]OSMEC ID + EVENT'!$A:$E,2,FALSE),Events!$B:$D,3,FALSE)) -> E001 | E958: =IF(E$1=Events!$A$3, VLOOKUP( VLOOKUP($A958,'[2]OSMEC ID + EVENT'!$A:$E,3,FALSE),Events!B:D,3,FALSE)) -> E002 | F958: =IF($F$1=Events!$A$4, VLOOKUP( VLOOKUP(#REF!,'[2]OSMEC ID + EVENT'!$A:$E,4,FALSE),Events!B:D,3,FALSE),) -> #REF! | G958: =IF($G$1=Events!$A$5, VLOOKUP( VLOOKUP(#REF!,'[2]OSMEC ID + EVENT'!$A:$E,5,FALSE),Events!$B:$D,3,FALSE),) -> #REF! | H958: =IF($H$1= VLOOKUP($H$1,Events!$A:$D,1,FALSE), VLOOKUP( VLOOKUP(A958,'[3]OSMEC ID + EVENT'!$A:$M,2,FALSE),Events!B:D,3,FALSE),) -> E005 | I958: =IF(I$1= VLOOKUP(I$1,Events!$A:$D,1,FALSE), VLOOKUP( VLOOKUP($A958,'[3]OSMEC ID + EVENT'!$A:$M,3,FALSE),Events!$B:$D,3,FALSE),) -> E006 | J958: =IF(J$1= VLOOKUP(J$1,Events!$A:$D,1,FALSE), VLOOKUP( VLOOKUP($A958,'[3]OSMEC ID + EVENT'!$A:$M,4,FALSE),Events!$B:$D,3,FALSE),) -> E007 | K958: =IF(K$1= VLOOKUP(K$1,Events!$A:$D,1,FALSE), VLOOKUP( VLOOKUP($A958,'[3]OSMEC ID + EVENT'!$A:$M,5,FALSE),Events!$B:$D,3,FALSE),) -> E008 | L958: =IF(L$1= VLOOKUP(L$1,Events!$A:$D,1,FALSE), VLOOKUP( VLOOKUP($A958,'[3]OSMEC ID + EVENT'!$A:$M,6,FALSE),Events!$B:$D,3,FALSE),) -> E009 | M958: =IF(M$1= VLOOKUP(M$1,Events!$A:$D,1,FALSE), VLOOKUP( VLOOKUP($A958,'[3]OSMEC ID + EVENT'!$A:$M,7,FALSE),Events!$B:$D,3,FALSE),) -> E010 | N958: =IF(N$1= VLOOKUP(N$1,Events!$A:$D,1,FALSE), VLOOKUP( VLOOKUP($A958,'[3]OSMEC ID + EVENT'!$A:$M,8,FALSE),Events!$B:$D,3,FALSE),) -> E011 | O958: =IF(O$1= VLOOKUP(O$1,Events!$A:$D,1,FALSE), VLOOKUP( VLOOKUP($A958,'[3]OSMEC ID + EVENT'!$A:$M,9,FALSE),Events!$B:$D,3,FALSE),) -> E012 | P958: =IF(P$1= VLOOKUP(P$1,Events!$A:$D,1,FALSE), VLOOKUP( VLOOKUP($A958,'[3]OSMEC ID + EVENT'!$A:$M,10,FALSE),Events!$B:$D,3,FALSE),) -> E013 | Q958: =IF(Q$1= VLOOKUP(Q$1,Events!$A:$D,1,FALSE), VLOOKUP( VLOOKUP($A958,'[3]OSMEC ID + EVENT'!$A:$M,11,FALSE),Events!$B:$D,3,FALSE),) -> E014 | R958: =IF(R$1= VLOOKUP(R$1,Events!$A:$D,1,FALSE), VLOOKUP( VLOOKUP($A958,'[3]OSMEC ID + EVENT'!$A:$M,12,FALSE),Events!$B:$D,3,FALSE),) -> E015 | S958: =IF(S$1= VLOOKUP(S$1,Events!$A:$D,1,FALSE), VLOOKUP( VLOOKUP($A958,'[3]OSMEC ID + EVENT'!$A:$M,13,FALSE),Events!$B:$D,3,FALSE),) -> E016 | T958: =IF( ISNA(MATCH(T$1,Events!$A:$A,0)), 0, VLOOKUP( VLOOKUP(A958,'[4]OSMEC ID + EVENT'!$A:$I,2,FALSE),Events!$B:$D,3,FALSE)) -> E017 | U958: =IF( ISNA(MATCH(U$1,Events!$A:$A,0)), 0, VLOOKUP( VLOOKUP($A958,'[4]OSMEC ID + EVENT'!$A:$I,3,FALSE),Events!$B:$D,3,FALSE)) -> E018 | V958: =IF( ISNA(MATCH(V$1,Events!$A:$A,0)), 0, VLOOKUP( VLOOKUP($A958,'[4]OSMEC ID + EVENT'!$A:$I,4,FALSE),Events!$B:$D,3,FALSE)) -> E019 | W958: =IF( ISNA(MATCH(W$1,Events!$A:$A,0)), 0, VLOOKUP( VLOOKUP($A958,'[4]OSMEC ID + EVENT'!$A:$I,5,FALSE),Events!$B:$D,3,FALSE)) -> E020 | X958: =IF( ISNA(MATCH(X$1,Events!$A:$A,0)), 0, VLOOKUP( VLOOKUP($A958,'[4]OSMEC ID + EVENT'!$A:$I,6,FALSE),Events!$B:$D,3,FALSE)) -> E021 | Y958: =IF( ISNA(MATCH(Y$1,Events!$A:$A,0)), 0, VLOOKUP( VLOOKUP($A958,'[4]OSMEC ID + EVENT'!$A:$I,7,FALSE),Events!$B:$D,3,FALSE)) -> E022 | Z958: =IF( ISNA(MATCH(Z$1,Events!$A:$A,0)), 0, VLOOKUP( VLOOKUP($A958,'[4]OSMEC ID + EVENT'!$A:$I,8,FALSE),Events!$B:$D,3,FALSE)) -> E023 | AA958: =IFERROR( VLOOKUP( VLOOKUP(A958,'[5]OSMEC ID + SUBJECT'!$A:$B,2,FALSE),Subjects!$B:$D,3,FALSE),"") | AB958: =IFERROR( VLOOKUP( VLOOKUP(A958,'[6]OSMEC ID + SUBJECT'!$A:$B,2,FALSE),Subjects!B:D,3,FALSE),"") | AC958: =IFERROR( VLOOKUP( VLOOKUP(A958,'[7]OSMEC-ID + SESSION'!$A:$B,2,FALSE),Subjects!$B:$D,3,FALSE),"") | AD958: =IFERROR( VLOOKUP( VLOOKUP(A958,'[8]OSMEC ID + SESSION'!$A:$B,2,FALSE),Subjects!$B:$D,3,FALSE),"") | AE958: =IFERROR( VLOOKUP( VLOOKUP(A958,'[9]OSMEC ID + SUBJECT'!$A:$B,2,FALSE),Subjects!$B:$D,3,FALSE),"") | AF958: =IFERROR( VLOOKUP( VLOOKUP(A958,'[10]OSMEC ID + SESSION'!$A:$B,2,FALSE),Subjects!$B:$D,3),"")
